"5232","010500021213","ME","Beech Hill Pond"
"6757","010500021214","ME","Mountainy Pond"
"7024","010600020904","ME,NH","Great Brook-Ossipee River"
"7027","010600020903","ME,NH","Mill Brook"
"9276","010500041000","CN,ME","Bay of Fundy-Atlantic Ocean"
"9277","010500040904","ME","Grand Manan Channel-Atlantic Ocean"
"9278","010500020703","ME","Machias Bay-Atlantic Ocean"
"9279","010500021008","ME","Narraguagus Bay-Atlantic Ocean"
"15676","010200030503","ME","Mattagodus Stream"
"15677","010500010303","ME","Junior Stream"
"15724","010200010802","ME","Crawford Pond"
"15725","010300010505","ME","Second Roach Pond"
"16168","010400020903","ME","Pennesseewassee Lake"
"16192","010400020503","ME","Spears Stream"
"16196","010400020207","ME","Pond Stream-Androscoggin River"
"16198","010400020602","ME","Clay Brook-Androscoggin River"
"16944","010400020205","ME","Sunday River"
"16945","010400020406","ME","Logan Brook-Androscoggin River"
"16946","010400020603","ME","Taylor Pond"
"20661","010600030302","ME","Vaughn Island"
"20875","010400020501","ME","Webb Lake"
"20911","010400020907","ME","Waterhouse Brook"
"20913","010400021003","ME","Little River"
"20914","010400021004","ME","Denham Stream"
"20915","010600020501","ME","Moose Pond-Moose Pond Brook"
"20916","010400020906","ME","Whitney Pond"
"20918","010400020910","ME","Taylor Pond-Little Androscoggin River"
"20922","010400020908","ME","Meadow Brook-Little Androscoggin River"
"20923","010400020803","ME","Stetson Brook-Androscoggin River"
"20924","010400020905","ME","Thompson Lake"
"20925","010600020403","ME","Kezar Pond"
"20930","010400020802","ME","Lake Auburn"
"20947","010400020605","ME","Androscoggin Lake"
"20954","010400020902","ME","Andrews Brook-Little Androscoggin River"
"21028","010400021001","ME","Sabattus Pond"
"21030","010400020901","ME","Bryant Pond-Little Androscoggin River"
"21032","010400020703","ME","Martin Stream"
"21037","010400020206","ME","Bear River"
"21038","010400020601","ME","Sevenmile Stream"
"21039","010400020303","ME","West Branch Ellis River"
"21040","010400020404","ME","Middle Swift River"
"21044","010400010406","ME,NH","Sturtevant Stream-Magalloway River"
"21045","010400010106","ME","South Bog Stream"
"21046","010400010110","ME","Lower Richardson Lake"
"21210","010400010104","ME","Kennebago River"
"21211","010400010304","ME,NH","Little Magalloway River"
"21212","010400010103","ME","Kennebago Lake"
"21281","010400010109","ME","Mooselookmeguntic Lake"
"21282","010400010306","ME,NH","Abbott Brook-Magalloway River"
"21283","010400010107","ME","Rangeley Lake"
"21286","010400010305","ME,NH","Aziscohos Lake"
"21358","010400020701","ME","West Branch Nezinscot River"
"21359","010400020204","ME","Alder River"
"21360","010400020606","ME","Hunton Brook-Androscoggin River"
"21361","010400020604","ME","Pocasset Lake"
"21363","010400020702","ME","East Branch Nezinscot River"
"21366","010400020504","ME","Whitney Brook"
"21367","010400020401","ME","Concord River"
"21372","010600030505","ME","Bog Brook-Little River"
"21378","010400020305","ME","Howe Brook-Ellis River"
"21380","010600030402","ME","Leighs Mill Pond-Great Works River"
"21382","010600030205","ME","Day Brook-Mousam River"
"21383","010600030506","ME,NH","Middle Salmon Falls River"
"21386","010600030301","ME","Batson River-Frontal Goosefare Bay"
"21501","010600021006","ME","Lake Arrowhead-Little Ossipee River"
"21506","010600021102","ME","Bonny Eagle Pond-Saco River"
"21512","010400021007","ME","Androscoggin River-Merrymeeting Bay"
"21514","010600020406","ME,NH","Lovewell Pond-Saco River"
"21517","010400020904","ME","Stony Brook-Little Androscoggin River"
"21518","010400020704","ME","Nezinscot River"
"21527","010600021103","ME","Stony Brook-Saco River"
"21531","010400021005","ME","Newell Brook-Androscoggin River"
"21533","010400020909","ME","Marshall Pond-Bog Brook"
"21551","010400020801","ME","Gulf Island Pond-Androscoggin River"
"21560","010400020304","ME","Horseshoe Brook-Ellis River"
"21562","010400020502","ME","Webb River"
"21623","010600031105","ME","Appledore Island"
"21627","010600021002","ME,NH","Rock Haven Lake-Little Ossipee River"
"21634","010400010201","ME,NH","Swift Cambridge River"
"21635","010400010202","ME","Dead Cambridge River"
"21637","010400010601","ME,NH","Mollidgewock Brook"
"21653","010600020504","ME","Breakneck Brook-Saco River"
"21790","010600031102","ME","Stevens Brook-Frontal Atlantic Ocean"
"21791","010600030103","ME","Goochs Beach-Frontal Atlantic Ocean"
"21801","010600031101","ME","Branch Brook-Merriland River"
"21804","010600020503","ME","Barker Pond"
"21805","010600020502","ME","Tenmile River-Saco River"
"21806","010600030401","ME","Bauneg Beg Pond-Great Works River"
"22003","010600021106","ME","The Pool-Frontal Saco Bay"
"22005","010600030204","ME","Estes Lake-Mousam River"
"22138","010600030504","ME,NH","Upper Salmon Falls River"
"22144","010600030201","ME","Mousam Lake"
"22192","010600031104","ME","Sewards Point-Frontal Brave Boat Harbor"
"22203","010600021104","ME","Swan Pond-Swan Pond Brook"
"22204","010600030203","ME","Shaker Pond"
"22206","010600030503","ME,NH","Headwaters Salmon Falls River"
"22210","010600021003","ME","Henderson Brook"
"22485","010600010206","ME","Lower Royal River"
"22493","010600010602","ME","Great Pond-Frontal Casco Bay"
"22868","010600021007","ME","Hamlin Brook-Little Ossipee River"
"22873","010600031001","ME,NH","Piscataqua River-Frontal Portsmouth Harbor"
"22876","010600030206","ME","Parsons Beach-Frontal Atlantic Ocean"
"22882","010600021001","ME,NH","Shapleigh Pond"
"22885","010600021005","ME","Brown Brook"
"22889","010600020902","ME,NH","South River"
"22968","010600030202","ME","Number One Pond-Mousam River"
"22969","010600030101","ME","Kennebunk Pond-Kennebunk River"
"22973","010600020405","ME,NH","Shepards River"
"22974","010400021006","ME","Cathance River"
"22976","010600020404","ME,NH","Old Course Saco River-Saco River"
"22977","010400021002","ME","Sabattus River"
"23058","010400020505","ME","Worthley Pond-Androscoggin River"
"23059","010400010603","ME,NH","Chickwolnepy Stream-Androscoggin Rvier"
"23061","010400020405","ME","Lower Swift River"
"23063","010400020301","ME","Ellis Pond"
"23064","010400020302","ME","Black Brook"
"23066","010400010105","ME","Cascade Stream"
"23068","010400010108","ME","Pepperpot Pond"
"23098","010400020402","ME","East Branch Swift River"
"23102","010400010203","ME,NH","Umbagog Lake"
"23103","010400020403","ME","Upper Swift River"
"23109","010600031103","ME","York River"
"23116","010600020901","ME,NH","Loon Lake-Ossipee River"
"23117","010600020905","ME","Little River-Ossipee River"
"23118","010600021101","ME","Watchic Pond-Saco River"
"23234","010600030507","ME,NH","Lower Salmon Falls River"
"23398","010600010106","ME","Lower Crooked River"
"23399","010600010201","ME","Upper Royal River"
"23418","010600010304","ME","Upper Presumpscot River"
"23419","010600010306","ME","Lower Presumpscot River"
"23421","010600021004","ME","Pendexter Brook"
"23424","010600030102","ME","Kennebunk River"
"23425","010600021105","ME","Outlet Saco River"
"23584","010200020202","ME","Brayley Brook-East Branch Penobscot River"
"23585","010200020106","ME","Telos Lake"
"23586","010200020201","ME","Third Lake-East Branch Penobscot River"
"23587","010200020103","ME","Ellis Brook"
"23588","010200020304","ME","Lunksoos Lake-East Branch Penobscot River"
"23589","010200020507","ME","Outlet East Branch Penobscot River"
"23590","010200030111","ME","Middle West Branch Mattawamkeag River"
"23591","010200030507","ME","Meadow Brook"
"23592","010200030508","ME","Little Meadow Brook-Meadow Brook"
"23593","010200030606","ME","Macwahoc Stream"
"23594","010200030701","ME","Silver Lake"
"23595","010200040604","ME","Hardy Brook-Piscataquis River"
"23598","010200050201","ME","Sebonibus Rapids-Penobscot River"
"23681","010300030905","ME","Middle Sandy River"
"23683","010300031004","ME","Lower Sandy River"
"23684","010300031206","ME","Outlet Sandy River"
"23685","010300031302","ME","Weston Dam-Kennebec River"
"23686","010300031506","ME","Martin Stream-Craigin Brook"
"23687","010300031601","ME","Lemon Stream-Black Stream"
"23688","010300031604","ME","Center Pond-Main Stream Sebasticook River"
"23689","010300031605","ME","Jimmy Brook-Main Stream Sebasticook River"
"23691","010300032105","ME","Outlet Stream"
"23692","010300032202","ME","Salmon Lake-Great Pond"
"24060","010500021509","ME","Blue Hill Bay-Atlantic Ocean"
"24061","010500021701","ME","Mill Pond-Frontal Eggemoggin Reach"
"24062","010500021703","ME","Eggemoggin Reach-Jericho Bay"
"24063","010500021803","ME","Passagassawakeag River-Frontal Penobscot Bay"
"24064","010500021906","ME","Weskeag River-Frontal Muscle Ridge Channel"
"24065","010500021907","ME","Goose Pond-Frontal Penobscot Bay"
"24066","010500030106","ME","South Pond-Saint George River"
"24067","010500030107","ME","Saint George River"
"24068","010500030202","ME","Goose River-Frontal Muscongus Bay"
"24069","010500030204","ME","Round Pond-Frontal Muscongus Bay"
"24070","010500020701","ME","Holmes Stream-Frontal Machias Bay"
"24074","010500020802","ME","Indian River-Frontal Western Bay"
"24075","010500020803","ME","Roque Bluffs-Frontal Atlantic Ocean"
"24076","010500020604","ME","Outlet Machias River"
"24077","010500020804","ME","Great Wass Island-Roque Island"
"24078","010500020805","ME","Western Bay-Englishman Bay"
"24079","010500020905","ME","Mill River-Frontal Pleasant Bay"
"24080","010500021006","ME","Bobby Creek-Frontal Narraguagus Bay"
"24081","010500021103","ME","Whitten Parritt Stream-Frontal Gouldsboro Bay"
"24082","010500021106","ME","East Steuben Pond-Frontal Dyer Bay"
"24083","010500021109","ME","Petit Manan Point-Frontal Atlantic Ocean"
"24084","010500021111","ME","Prospect Harbor-Pigeon Hill Bay"
"24085","010500021402","ME","Mill Brook-Frontal Taunton Bay"
"24086","010500021403","ME","Taunton Bay"
"24153","010500021502","ME","Jordan Pond-Frontal Eastern Way"
"24154","010500021407","ME","Northeast Creek-Frontal Frenchman Bay"
"24155","010500021408","ME","Waukeag Neck-Frontal Frenchman Bay"
"24156","010500021501","ME","Somes Pond-Frontal Somes Sound"
"24157","010500021503","ME","Seal Cove Pond-Frontal Atlantic Ocean"
"24158","010500021507","ME","Blue Hill Neck-Fontal Blue Hill Bay"
"24159","010500030504","ME","The Black Rocks-Atlantic Ocean"
"24160","010500030606","ME","Stage Island Bay-Atlantic Ocean"
"24165","010500030503","ME","Sheepscot River-Frontal Sheepscot Bay"
"24166","010500030304","ME","Damariscotta River-Frontal Atlantic Ocean"
"24167","010500030305","ME","Meadow Brook-Frontal Boothbay Harbor"
"24168","010500030401","ME","Sheepscot Pond-Sheepscot River"
"24169","010500030603","ME","Merrymeeting Bay-Kennebec River"
"24170","010500030604","ME","Morse River-Frontal Atlantic Ocean"
"24171","010500030605","ME","Seguin Island"
"24172","010500040601","ME","Rocky Lake"
"24173","010500040606","ME","Cobscook Bay-Frontal Passamaquoddy Bay"
"24174","010500040902","ME","Wiggins Brook-Frontal Grand Manan Channel"
"24175","010500020104","ME","Round Lake-East Machias River"
"24176","010500020202","ME","Rocky Lake-Rocky Lake Stream"
"24177","010500020203","ME","Hadley Lake-East Machias River"
"24178","010500020502","ME","Bog Lake-New Stream"
"24179","010500020503","ME","Old Stream"
"24180","010200010704","ME","Nahmakanta Stream"
"24181","010200010904","ME","Middle West Branch Penobscot River"
"24182","010200010907","ME","Lower West Branch Penobscot River"
"24183","010200011007","ME","Outlet West Branch Penobscot River"
"24184","010200010703","ME","Nahmakanta Lake"
"24239","010100020201","ME","Thoroughfare Brook"
"24240","010100020402","ME","Priestly Lake-Drake Brook"
"24241","010100020403","ME","Upper Allagash River"
"24242","010100030203","ME","Portage Lake-Fish River"
"24243","010100030102","ME","Clayton Lake-Fish River"
"24244","010100030104","ME","North Pond Brook-Chase Brook"
"24245","010100030105","ME","Fish River Lake-Fish River"
"24246","010100030207","ME","Saint Froid Lake-Fish River"
"24247","010100030310","ME","Eagle Lake-Fish River"
"24261","010200050202","ME","Stump Pond-Cambolasse Stream"
"24262","010200050205","ME","Mattanawcook Pond"
"24263","010200050307","ME","Middle Passadumkeag River"
"24264","010200050804","ME","Middle Souadabscook Stream"
"24267","010300020202","ME","Saddleback Lake-South Branch Dead River"
"24268","010300020204","ME","South Branch Dead River"
"24269","010200050408","ME","Stevens Brook-Penobscot River"
"24270","010200050906","ME","South Branch Marsh River"
"24271","010200051009","ME","Penobscot River-Frontal Penobscot Bay"
"24272","010200020404","ME","Hay Lake"
"24273","010200030605","ME","Lower Macwahoc Lake-Macwahoc Stream"
"24274","010300020302","ME","Upper Flagstaff Lake"
"24275","010300020303","ME","Middle Flagstaff Lake"
"24276","010300020304","ME","Lower Flagstaff Lake"
"24277","010300020402","ME","West Branch Spencer Stream-Spencer Stream"
"24278","010300020502","ME","Upper Dead River"
"24279","010300020506","ME","Lower Dead River"
"24280","010300030106","ME","Wyman Lake-Kennebec River"
"24281","010300030303","ME","Martin Stream-Mill Stream"
"24282","010300030502","ME","Tufts Pond-Alder Stream"
"24286","010300030601","ME","Porter Lake-Lemon Stream"
"24287","010300030902","ME","Headwaters Sandy River"
"24288","010300030904","ME","Upper Sandy River"
"31807","010500030307","ME","Johns Bay-Boothbay Harbor"
"31900","010500021908","ME","Islands of Penobscot Bay"
"31901","010500021909","ME","Penobscot Bay-Atlantic Ocean"
"31933","010500030303","ME","Johns River-Frontal Johns Bay"
"32769","010200020301","ME","Bowlin Brook"
"32770","010200020407","ME","Shin Brook"
"32771","010200020408","ME","Lower Seboeis River"
"32772","010200030106","ME","Cold Brook"
"32773","010200030511","ME","Middle Mattawamkeag River"
"34200","010100070204","ME","Priestly Brook-Saint John River"
"34203","010100070409","CN,ME","Trout River-Big Black River"
"34204","010100080102","ME","Wyles Brook-Saint John River"
"34209","010100070408","CN,ME","Riviere Gobeil"
"34219","010100070304","CN,ME","Lower Depot Stream"
"34224","010100070410","CN,ME","Charles Pond-Big Black River"
"34225","010100071001","ME","Fox Brook"
"34226","010100071003","ME","Walker Brook-Saint John River"
"34227","010100070804","CN,ME","Pocwock Stream"
"34228","010100081202","CN,ME","Patrick Brook-Saint John River"
"34229","010100070803","ME","East Branch Pocwock Stream"
"34230","010100070802","CN,ME","West Branch Pocwock Stream"
"34232","010100070702","CN,ME","East Lake"
"34233","010100080103","ME","Petite Brook-Saint John River"
"34234","010100070905","CN,ME","Campbell Branch"
"34235","010100070906","ME","Rocky Brook"
"34238","010100070205","ME","Sweeney Brook-Saint John River"
"34240","010100080407","ME","Yankeetuladi Brook"
"34241","010100070902","CN,ME","Upper Little Black River"
"34242","010100080408","ME","Falls Brook"
"34243","010100070907","ME","Middle Little Black River"
"34246","010100070908","ME","Lower Little Black River"
"34247","010100080504","CN,ME","Hunnewell Island-Saint John River"
"34248","010100070904","CN,ME","West Branch Little Black River"
"34250","010100080409","CN,ME","Saint Francis River"
"34251","010100070901","CN,ME","Beaver Branch"
"34252","010100080405","CN,ME","Jones Brook"
"34255","010100080505","CN,ME","Vasseur Stream-Saint John River"
"34258","010100080401","CN,ME","Wildcat Brook"
"34259","010100080403","ME","Dead Brook"
"34260","010100081201","CN,ME","Caron Brook"
"34261","010100080406","CN,ME","Beau Lake-Saint Francis River"
"34263","010100080404","CN,ME","Ruisseau des Sources-Saint Francis River"
"34265","010100081203","CN,ME","Gagnon Brook-Saint John River"
"34268","010100080206","CN,ME","Pohenegamook Lake-Saint Francis River"
"34272","010100020301","ME","Ross Inlet"
"34277","010100020302","ME","Fool Brook"
"34278","010100020303","ME","Chemquasabamticook Lake"
"34279","010100020304","ME","Clayton Lake"
"34280","010100020708","ME","Farm Brook"
"34286","010100020702","ME","Whittaker Brook"
"34287","010100020703","ME","Schedule Brook"
"34288","010100020706","ME","Ben Glazier Brook"
"34289","010100020306","ME","Holmes Brook"
"34290","010100020307","ME","Cunliffe Brook"
"34291","010100020601","ME","Conners Brook"
"34292","010100020602","ME","Big Brook"
"34293","010100020701","ME","Harding Brook"
"34294","010100020710","ME","West Twin Brook"
"34295","010100020711","ME","Lower Allagash River"
"34296","010100030204","ME","Rocky Brook"
"34297","010100030205","ME","Red River"
"34298","010100030206","ME","Birch River"
"34299","010100030302","ME","Long Lake"
"34300","010100030304","ME","Dickey Brook"
"34301","010100030401","ME","Wallagrass Stream"
"34307","010200020102","ME","West Branch Allagash Stream-Allagash Lake"
"34308","010100060203","ME","Upper Little Southwest Branch Saint John River"
"34312","010200010101","ME","Abacotnetic Stream"
"34316","010100030402","ME","Perley Brook"
"34317","010100030403","ME","Outlet Fish River"
"34319","010200010102","ME","Rainey Brook"
"34320","010200010103","ME","Norris Brook"
"34321","010200010106","ME","North Branch Penobscot River"
"34322","010200010208","ME","Gulliver Brook"
"34323","010200010209","ME","Nulhedus Stream"
"34324","010200010301","ME","Elm Stream"
"34325","010200010302","ME","Russell Stream"
"34326","010200010401","ME","Loon Lake"
"34327","010200010403","ME","Wadleigh Stream-Ciss Stream"
"34328","010200010404","ME","Caucomgomoc Lake"
"34331","010100060204","ME","Lower Little Southwest Branch Saint John River"
"34332","010100060205","CN,ME","Doucet Stream-Southwest Branch Saint John River"
"34341","010100060207","ME","Doucie Brook"
"34346","010100060206","CN,ME","Dead Brook-Southwest Branch Saint John River"
"34347","010100060208","ME","Knowles Brook"
"34348","010100060309","CN,ME","Lower Daaquam River"
"34349","010100070101","ME","Ledge Rapids-Saint John River"
"34350","010100060409","ME","Northwest Branch Saint John River"
"34357","010100070103","ME","Mary L Pond-Saint John River"
"34358","010100060407","CN,ME","Riviere a la Loutre"
"34359","010100070102","ME","Burntland Brook"
"34363","010100060408","CN,ME","Lac Frontiere-Northwest Branch Saint John River"
"34365","010100070506","ME","Shields Branch"
"34369","010100070202","ME","Sixmile Brook-Saint John River"
"34371","010100070505","CN,ME","Saint Roch Riviere-Shields Branch"
"34373","010100070301","ME","Upper Depot Stream"
"34374","010100070503","CN,ME","Riviere des Gagnon"
"34375","010100070603","ME","Big Black River"
"34386","010100070201","ME","Ninemile Brook"
"34387","010100060405","CN,ME","Riviere Leverrier"
"34388","010100070302","CN,ME","Glazier Brook"
"34394","010100070303","CN,ME","Middle Depot Stream"
"34397","010100070203","ME","White Brook-Saint John River"
"34399","010100070305","ME","Outlet Depot Stream"
"34400","010100070601","CN,ME","Fivemile Brook"
"34401","010100070801","ME","Schoolhouse Rapids-Saint John River"
"34612","010100070602","CN,ME","Twomile Brook"
"34613","010100071002","ME","Brown Brook"
"34614","010100070504","CN,ME","Little Saint Roch River"
"34615","010100070805","ME","Ouellette Brook-Saint John River"
"34616","010100070703","CN,ME","Chimenticook Stream"
"34617","010100080101","ME","Pelletier Brook"
"35593","010100041405","CN,ME","East Branch Limestone Stream"
"35595","010100041302","ME","Upper Little Madawaska River"
"35596","010100041306","ME","Middle Little Madawaska River"
"35624","010100110104","CN,ME","Mud Brook-Bull Creek"
"36081","010100090807","CN,ME","Coombes Brook-Saint John River"
"36398","010100050305","ME","Captain Ambrose Bear Stream"
"36566","010100040102","ME","Millinocket Lake"
"38121","010100090801","CN,ME","Thibodeau Brook-Saint John River"
"38344","010500010809","ME","Elliot Mountain-St. Croix River"
"38367","010500010804","ME","Stony Brook-St. Croix River"
"38368","010500010707","CN,ME","King Brook-St. Croix River"
"38369","010500010708","CN,ME","Enoch Brook-St. Croix River"
"38370","010500010802","CN,ME","Woodland Flowage-St. Croix River"
"38371","010500010806","CN,ME","Magurrewock Stream-St. Croix River"
"38372","010500010810","CN,ME","Flowed Lands Ponds-Outlet St. Croix River"
"38373","010500040701","CN,ME","Islands of Passamaquoddy Bay"
"38408","010500040702","CN,ME","Passamaquoddy Bay"
"38848","010100040103","ME","Millimagassett Stream"
"38864","010100050307","CN,ME","Cook Brook-Meduxnekeag River"
"38865","010100050202","ME","Lower South Brook"
"39756","010500010102","CN,ME","East Grand Lake"
"39757","010500010702","CN,ME","Trout Brook-St. Croix River"
"39758","010500010705","CN,ME","Simsquish Brook-St. Croix River"
"41502","010100040201","ME","Chase Lake"
"41512","010100040505","ME","Blackwater River"
"41513","010100040306","ME","Mooseleuk Stream"
"41527","010100100202","ME","Rideout Brook-Prestile Stream"
"41532","010100041003","ME","Horse Brook-Aroostook River"
"41546","010100041102","ME","East Branch Presque Isle Stream"
"41547","010100100207","CN,ME","Big Presque Isle Stream"
"41549","010100040304","ME","Smith Brook"
"41550","010100040603","ME","Farm Camp Brook-Aroostook River"
"41551","010100100201","ME","Lake Christina-Prestile Stream"
"41552","010100040701","ME","Rocky Brook"
"41553","010100040805","ME","Greenlaw Stream"
"41554","010100040702","ME","Pratt Lake Stream"
"41555","010100041106","ME","North Branch Presque Isle Stream"
"41556","010100041005","ME","Little Machias River"
"41557","010100041006","ME","Alder Brook-Aroostook River"
"41558","010100040703","ME","Big Machias Lake"
"41559","010100040305","ME","Chandler Stream"
"41560","010100040602","ME","Hayden Brook"
"41561","010100100204","ME","Three Brooks"
"41562","010100040604","ME","Otter Brook"
"41563","010100041101","ME","West Branch Presque Isle Stream"
"41564","010100100206","CN,ME","Young Brook-Prestile Stream"
"41565","010100040606","ME","Shields Brook-Aroostook River"
"41566","010100040801","ME","South Branch Machias River"
"41567","010100041103","ME","Burnt Land Brook"
"41568","010100040303","ME","Mooseleuk Lake"
"41569","010100040302","ME","Chase Brook"
"41570","010100040804","ME","Carry Brook"
"41571","010100100203","ME","Rocky Brook"
"41572","010100040301","ME","Bartlett Brook-Spring Brook"
"41573","010100041104","ME","Shields Brook-Presque Isle Stream"
"41574","010100100103","CN,ME","Upper Guisiguit Brook "
"41575","010100040803","ME","McConnell Brook"
"41576","010100040806","ME","Lower Machias River"
"41577","010100041002","ME","Clayton Brook-Scopan Stream"
"41578","010100041001","ME","Scopan Lake"
"41579","010100041105","ME","Alder Brook-Grendell Brook"
"41580","010100100101","CN,ME","River de Chute"
"41581","010100040802","ME","Upper Machias River"
"41582","010100041107","ME","Arnold Brook-Presque Isle Stream"
"41583","010100040903","ME","Burpee Brook"
"41584","010100041004","ME","Little Machias Lake"
"41585","010100041404","CN,ME","Pattee Brook"
"41587","010100041202","ME","Pettingill Brook-Aroostook River"
"41588","010100041408","CN,ME","McDonald Brook-Aroostook River"
"41589","010100041007","ME","Gardner Brook-Aroostook River"
"41590","010100041203","ME","Prestilel Brook-Aroostook River"
"41591","010100050103","ME","South Branch Meduxnekeag River"
"41596","010100040901","ME","West Branch Beaver Brook"
"41597","010100041407","CN,ME","Lower Limestone Stream"
"41598","010100040902","ME","East Branch Beaver Brook"
"41599","010100040904","ME","Bugbee Brook-Beaver Brook"
"41600","010100041403","ME","Hockenhull Brook-Aroostook River"
"41601","010100041201","ME","Salmon Brook"
"41603","010100041402","ME","Hardwood Brook-Otter Brook"
"41604","010100041401","ME","Caribou Stream"
"41605","010100041307","ME","Lower Little Madawaska River"
"41607","010100041305","ME","Black Brook"
"41608","010100041406","CN,ME","Upper Limestone Stream"
"41609","010100090809","CN,ME","Rapide de Femme Stream-Saint John River"
"41610","010100041304","ME","Halfway Brook"
"41611","010100041301","ME","Madawaska Lake"
"41612","010100090806","ME","Hammond Brook"
"41613","010100041303","ME","Armstrong Brook"
"41614","010100090805","CN,ME","Septiemel Island-Saint John River"
"41616","010100050302","ME","Mill Brook"
"41617","010100090808","CN,ME","Martin Brook-Saint John River"
"41618","010100090804","CN,ME","Violette Stream"
"41619","010100090802","CN,ME","La Grande Island-Saint John River"
"41621","010100050306","ME","Big Brook"
"41622","010100050308","CN,ME","Britton Lake-Meduxnekeag River"
"41629","010100050301","ME","Meduxnekeag Lake"
"41631","010100050303","ME","Nickerson Lake-Meduxnekeag River"
"41633","010100040101","ME","Chandler Brook"
"41634","010100050206","CN,ME","Carters Brook-North Branch Meduxnekeag River"
"41635","010100040501","ME","Tracy Brook"
"41637","010100050205","ME","Hoyt Brook-North Branch Meduxnekeag River"
"41638","010100040104","ME","Millinocket Stream"
"41639","010100040506","ME","Mack Brook-Saint Croix Stream"
"41643","010100050304","ME","Moose Brook"
"41644","010100040601","ME","La Pomkeag Lake-La Pomkeag Stream"
"41645","010100050204","CN,ME","Dead Stream"
"41646","010100050201","ME","Upper South Brook"
"41647","010100040503","ME","Howe Brook"
"41648","010100040401","ME","West Branch Umcolcus Stream"
"41649","010100040402","ME","Umcolcus Stream"
"41650","010100040504","ME","Beaver Brook"
"41653","010100040203","ME","Munsungan Stream"
"41654","010100040202","ME","Little Munsungan Lake"
"41655","010100050203","ME","Dunn Brook-North Branch Meduxnekeag River"
"41656","010100040605","ME","Trout Brook"
"41657","010100100205","CN,ME","Whitney Brook"
"41658","010100040507","ME","Cranberry Brook-Saint Croix Stream"
"41663","010100050102","ME","Davis Brook"
"41666","010100050101","ME","Meduxnekeag Stream"
"41667","010500010207","CN,ME","Spednic Lake"
"41672","010500010101","CN,ME","Monument Brook-North Lake"
"41676","010100040502","ME","Saint Croix Lake"
"43761","010200010204","ME","Little Penobscot Brook-South Branch Penobscot River"
"43764","010300010102","CN,ME","South Branch Moose River"
"43765","010300010204","ME","Little Gulf Stream-Moose River"
"43766","010300010302","CN,ME","West Branch Sandy Stream"
"43767","010300010303","ME","Wood Pond"
"43770","010300020102","ME","Chain of Ponds"
"43771","010300010304","ME","Heald Stream"
"43772","010400010303","CN,ME,NH","Parmachenee Lake"
"43937","010400010101","ME","Cupsuptic River"
"43940","010801010101","ME,NH","Second Connecticut Lake-Connecticut River"
"43944","010400010102","ME","Little Kennebago Lake-Kennebago River"
"43945","010100060107","ME","Saint Francis Brook"
"43958","010200010104","CN,ME","Dole Pond"
"43959","010200010105","CN,ME","Dole Brook"
"43960","010200010201","CN,ME","Threemile Brook-South Branch Penobscot River"
"43961","010200010202","CN,ME","Penobscot Lake"
"43962","010200010203","ME","Penobscot Brook"
"43963","010300010202","ME","Gulf Stream"
"43964","010300020403","ME","Kibby Stream"
"43965","010300010101","CN,ME","Number One Brook"
"43966","010300020101","CN,ME","Horseshoe Stream"
"43969","010400010302","CN,ME,NH","West Branch Magalloway River"
"43970","010400010301","CN,ME","Second East Branch Magalloway River"
"43971","010100060201","CN,ME","Little Saint John Lake-Southwest Branch St. John River"
"43972","010100060101","ME","Fourth Saint John Pond"
"43973","010100060102","ME","Fifth Saint John Pond"
"43974","010100060103","ME","Sweeney Brook"
"43975","010100060105","ME","Baker Lake"
"43976","010100060202","CN,ME","South Morning Stream-Southwest Branch Saint John River"
"43977","010100060104","ME","Campbell Brook-Baker Branch Saint John River"
"43978","010100060110","ME","010100060110-Baker Branch Saint John River"
"43979","010100060108","ME","Turner Brook"
"43980","010100060106","ME","Desolation Brook"
"43981","010100060109","ME","Brailey Brook"
"43982","010100060111","ME","Baker Branch Saint John River"
"43983","010100060209","ME","Southwest Branch Saint John River"
"45082","043100010508","CN,ME","Metgermette River"
"45087","043100010301","CN,ME","Barrage River"
"45141","043100010501","CN,ME","Headwaters Wolf River"
"45142","043100010504","CN,ME","Portage River"
"45152","043100010502","CN,ME","Monument River"
"45185","043002020402","CN,ME,NH","Headwaters Salmon River"
"45190","043100010102","CN,ME","Clinton River"
"45193","043100010103","CN,ME","Arnold River"
"45209","043100010104","CN,ME","Spider Lake"
"45210","043100010101","CN,ME","Spider River"
"45219","043100010505","CN,ME","Middle Wolf River"
"45254","043100010206","CN,ME","Nebnellis River"
"45351","043100010506","CN,ME","Wilson River"
"45512","043100010507","CN,ME","North Metgermette River"
"45523","043100010205","CN,ME","Kokomis River"
"45545","043100010302","CN,ME","Headwaters Samson River"
"55137","010600010502","ME","Goosefare Brook-Frontal Saco Bay"
"55140","010600010507","ME","Saco Bay-Atlantic Ocean"
"58637","010500021107","ME","Islands of Dyer Bay"
"59307","010500040203","CN,ME","James Brook-Frontal Passamaquoddy Bay"
"59413","010500040802","CN,ME","Bay of Fundy"
"59506","010500010307","ME","West Grand Lake"
"59549","010500020402","ME","Crooked River"
"59550","010500020403","ME","Pembroke Stream-Machias River"
"59551","010500020501","ME","First Chain Lake"
"59552","010500020601","ME","Mopang Lake-Mopang Stream"
"59578","010200050301","ME","Number Three Pond-West Branch Passadumkeag River"
"60276","010500020908","ME","Pleasant Bay-Atlantic Ocean"
"60520","010500021210","ME","Webb Pond"
"60522","010500021304","ME","Union River Bay"
"60523","010500021401","ME","Donnell Pond-Card Mill Stream"
"60541","010500021102","ME","Tunk Stream"
"60542","010500021104","ME","Islands of Gouldsboro Bay"
"60715","010500020204","ME","Gardner Lake"
"60717","010500020205","ME","East Machias River"
"60718","010500020301","ME","Fifth Machias Lake-Fourth Machias Lake"
"60719","010500020302","ME","Third Machias Lake-First Machias Lake"
"60720","010500020401","ME","West Branch Machias River"
"60746","010500020901","ME","Pleasant River Lake"
"60747","010500020902","ME","Upper Pleasant River"
"60748","010500020903","ME","Western Little River"
"60749","010500020904","ME","Lower Pleasant River"
"60780","010500020602","ME","Peaked Mountain Pond-Machias River"
"60781","010500020603","ME","Middle River"
"60782","010500020702","ME","Islands of Machias Bay"
"60783","010500020801","ME","Chandler River"
"60819","010500020906","ME","Harrington River"
"60820","010500020907","ME","Islands of Pleasant Bay"
"60821","010500021001","ME","Beddington Lake"
"60822","010500021002","ME","Schoodic Brook"
"60823","010500021003","ME","Spring River"
"60824","010500021004","ME","West Branch Narraguagus River"
"60825","010500021005","ME","Narraguagus River"
"60826","010500021007","ME","Islands of Narraguagus Bay"
"60827","010500021101","ME","Tunk Lake"
"60872","010500021105","ME","Gouldsboro Bay"
"60873","010500021108","ME","Dyer Bay"
"60874","010500021110","ME","Islands of Schoodic Point-Petit-Manan Point Frontal Drainages"
"60875","010500021201","ME","Brandy Pond"
"60876","010500021202","ME","Buffalo Stream"
"60877","010500021203","ME","Great Pond"
"60878","010500021204","ME","Upper West Branch Union River"
"60879","010500021205","ME","Lower West Branch Union River"
"60880","010500021206","ME","Lower Lead Mountain Pond"
"60919","010500021207","ME","Spectacle Pond"
"60920","010500021208","ME","Middle Branch Union River"
"60921","010500021209","ME","East Branch Union River"
"60923","010500021211","ME","Dumb Brook"
"60924","010500021212","ME","Tannery Brook"
"60925","010500021215","ME","Green Lake"
"60926","010500021216","ME","Graham Lake"
"60927","010500021301","ME","Branch Lake"
"60928","010500021302","ME","Union River"
"60929","010500021303","ME","Patten Stream"
"61026","010500010304","ME","Chain Stream"
"61027","010500010301","ME","Pleasant Lake"
"61028","010500010302","ME","Scraggly Lake"
"61029","010500010305","ME","Sysladobsis Lake"
"61030","010500010306","ME","Pocumcus Lake"
"61031","010500010401","ME","East Musquash Lake"
"61032","010500010402","ME","East Branch Big Musquash Stream"
"61033","010500010403","ME","West Branch Big Musquash Stream"
"61034","010500010404","ME","Flipper Creek-Big Musquash Stream"
"61035","010500010501","ME","Headwaters Tomah Stream"
"61036","010500010502","ME","Little Tomah Stream"
"61037","010500010503","ME","Upper Tomah Stream"
"61038","010500010504","ME","Jim Brown Brook"
"61039","010500010505","ME","Middle Tomah Stream"
"61040","010500010506","ME","Lower Tomah Stream"
"61094","010500010604","ME","Big Lake"
"61095","010500010601","ME","Little Musquash Stream"
"61096","010500010602","ME","Little River"
"61097","010500010603","ME","Clifford Stream"
"61133","010500010605","ME","Huntley Brook"
"61134","010500010606","ME","Grand Falls Flowage"
"61135","010500010701","ME","Scott Brook"
"61136","010500010706","ME","Millberry Brook"
"61137","010500010801","ME","Wapsaconhagan Brook"
"61138","010500020101","ME","Pocomoonshine Lake"
"61139","010500020102","ME","Crawford Lake"
"61140","010500020103","ME","Seavey Stream"
"61141","010500020201","ME","Barrows Lake-Northern Stream"
"61851","010300010605","ME","Baker Stream"
"61855","010300010601","ME","Churchill Stream-Round Pond"
"61856","010300010602","ME","Indian Stream"
"63234","010300020104","ME","Alder Stream"
"63235","010300010609","ME","Cold Stream"
"63238","010300010610","ME","Dead Stream-Kennebec River"
"64251","010300030105","ME","Houston Brook"
"64252","010300030201","ME","Austin Pond-Austin Stream"
"64253","010300030202","ME","South Branch Austin Stream"
"64256","010300030203","ME","Austin Stream"
"64310","010300031202","ME","Muddy Brook"
"64311","010300031102","ME","Little Norridgewock Stream"
"64312","010300031103","ME","Wilson Stream"
"64314","010300031201","ME","McGurdy Stream"
"64315","010300031204","ME","Lemon Stream"
"64316","010300031205","ME","Pelton Brook"
"64317","010300031401","ME","West Branch Wesserunsett Stream"
"64318","010300031402","ME","East Branch Wesserunsett Stream"
"64498","010300020504","ME","Enchanted Stream"
"64499","010300020501","ME","Black Brook"
"64500","010300020503","ME","Stony Brook"
"64501","010300020505","ME","Salmon Stream"
"64502","010300030101","ME","Kelly Brook-Kennebec River"
"64503","010300030104","ME","Carrying Place Stream"
"64565","010300030304","ME","Michael Stream-Kennebec River"
"64566","010300030401","ME","South Branch Carrabassett River"
"64567","010300030501","ME","Rapid Stream"
"64568","010300030503","ME","West Branch Carrabassett River"
"64569","010300030701","ME","Upper Sandy Stream"
"64570","010300030702","ME","Lower Sandy Stream"
"64571","010300030703","ME","Gilman Stream"
"64572","010300030801","ME","Big Brook"
"64609","010300030903","ME","Orbeton Stream"
"64610","010300030804","ME","Lower Carrabassett River"
"64625","010300030901","ME","South Branch Sandy River"
"64635","010300031002","ME","Barker Stream"
"64643","010300031001","ME","Valley Brook"
"64738","010300031503","ME","Black Stream"
"64740","010300031405","ME","Wesserunsett Stream"
"64741","010300031502","ME","Sibley Pond"
"64742","010300031504","ME","Oak Stream"
"64743","010300031507","ME","Holland Brook-Kennebec River"
"64744","010300031602","ME","Higgins Stream"
"64803","010300031904","ME","Middle Sebasticook River"
"64805","010300031902","ME","Martin Stream"
"64806","010300031903","ME","East Branch Sebasticook River"
"64808","010300032002","ME","Unity Pond"
"64809","010300032003","ME","Halfmoon Stream"
"64810","010300032005","ME","Twentyfive Mile Stream"
"64811","010300032101","ME","Fifteen Mile Stream"
"64812","010300032102","ME","Twelve Mile Brook"
"64813","010300032103","ME","Pattee Pond-Pattee Pond Brook"
"64888","010200050306","ME","Madagascal Pond-Madagascal Stream"
"64890","010300032309","ME","Lower Cobbosseecontee Stream"
"64891","010300032205","ME","Messalonskee Stream"
"64892","010300032307","ME","Cold Stream"
"64893","010300032308","ME","Upper Cobbosseecontee Stream"
"64894","010200050309","ME","Lower Lord Brook"
"64895","010200050310","ME","Cold Stream Pond-Cold Stream"
"64896","010200050311","ME","Lower Passadumkeag River"
"64897","010200050401","ME","Pollard Brook-Penobscot River"
"64898","010200050402","ME","Olamon Stream"
"64901","010200050406","ME","Birch Stream"
"64902","010200050407","ME","Lower Sunkhaze Stream"
"64903","010200050501","ME","Upper Birch Stream"
"64938","010300032405","ME","Bond Brook"
"64941","010300032401","ME","Goff Brook"
"64942","010300032402","ME","Threemile Pond"
"64943","010300032404","ME","Riggs Branch-Kennebec River"
"64944","010300032406","ME","Togus Pond"
"64945","010300032409","ME","Swan Island-Kennebec River"
"64968","010200050302","ME","Taylor Brook"
"64969","010200050303","ME","Upper Passadumkeag River"
"64970","010200050304","ME","Lower Pistol Lake-Pistol Stream"
"64971","010200050305","ME","Nicatous Lake"
"65048","010200050308","ME","Eskutassis Pond-Eskutassis Stream"
"65049","010200050403","ME","Hoyt Brook"
"65050","010200050404","ME","Hemlock Stream"
"65051","010200050405","ME","Upper Sunkhaze Stream"
"65052","010200050502","ME","Lower Birch Stream"
"65053","010200050503","ME","West Branch Dead Stream"
"65090","010200050704","ME","Upper Black Stream"
"65112","010200050508","ME","Lower Dead Stream"
"65120","010200050504","ME","Upper Dead Stream"
"65121","010200050505","ME","Little Pushaw Pond-Bear Brook"
"65122","010200050506","ME","Upper Pushaw Stream"
"65123","010200050507","ME","Pushaw Lake"
"65124","010200050509","ME","Lower Pushaw Stream"
"65127","010200050510","ME","Stillwater River"
"65128","010200050601","ME","Great Works Stream"
"65129","010200050602","ME","Chemo Pond-Blackman Stream"
"65130","010200050603","ME","Marsh Island-Penobscot River"
"65131","010200050701","ME","French Stream"
"65132","010200050702","ME","Crooked Brook"
"65133","010200050703","ME","Upper Kenduskeag Stream"
"65134","010200050705","ME","Lower Black Stream "
"65135","010200050706","ME","Middle Kenduskeag Stream"
"65136","010200050707","ME","Lower Kenduskeag Stream"
"65160","010200050903","ME","Middle Marsh Stream"
"65161","010200050904","ME","Lower Marsh Stream"
"65243","010200050801","ME","Upper Souadabscook Stream"
"65244","010200050802","ME","Tracy Brook"
"65245","010200050803","ME","West Branch Souadabscook Stream"
"65246","010200050805","ME","Lower Souadabscook Stream"
"65247","010200050901","ME","Upper Marsh Stream"
"65248","010200050902","ME","North Branch Marsh Stream"
"65249","010200050905","ME","Halfmoon Pond-Colson Stream"
"65250","010200051001","ME","Eaton Brook"
"65251","010200051002","ME","Sedgeunkedunk Stream"
"65252","010200051003","ME","Felts Brook-Penobscot River"
"65253","010200051004","ME","Long Pond"
"65254","010200051005","ME","Toddy Pond"
"65255","010200051006","ME","Alamoosook Lake"
"65345","010200051007","ME","Cove Brook-Penobscot River"
"65347","010200051008","ME","Orland River"
"65348","010300010201","ME","Bog Brook"
"65349","010300010205","ME","Barret Brook"
"65350","010300010206","ME","Number Five Bog-Moose River"
"65351","010300010301","ME","Attean Pond"
"65352","010300010305","ME","Upper Churchill Stream"
"65353","010300010307","ME","Parlin Pond"
"65354","010300010308","ME","Parlin Stream"
"65355","010300010309","ME","Long Pond"
"65356","010300010310","ME","Stony Brook-Moose River"
"65357","010300010401","ME","South Branch Brassua Stream"
"65358","010300010402","ME","North Branch Brassua Stream"
"65421","010300010503","ME","Tomhegan Stream"
"65422","010300010403","ME","Misery Stream"
"65423","010300010501","ME","Carry Brook"
"65424","010300010502","ME","Socatean Stream"
"65425","010300010507","ME","Roach River"
"65503","010300010604","ME","Chase Stream"
"65504","010300010606","ME","Big Sandy Stream"
"65505","010300010608","ME","Black Brook"
"65585","010300020103","ME","Gold Brook-North Branch Dead River"
"65586","010300020105","ME","Jim Pond Brook"
"65587","010300020106","ME","North Branch Dead River"
"65588","010300020201","ME","Redington Stream"
"65590","010300020203","ME","Nash Stream"
"65591","010300020401","ME","Baker Stream"
"82646","010300032306","ME","Woodbury Pond"
"82647","010300032403","ME","Webber Pond-Sevenmile Brook"
"82648","010300032407","ME","Togus Stream"
"82649","010300032408","ME","Eastern River"
"82700","010600010103","ME","Bear River"
"82761","010600010107","ME","Panther Run"
"82762","010600010104","ME","Willett Brook"
"82763","010600010105","ME","Brandy Pond"
"82764","010600010108","ME","Muddy River"
"82765","010600010109","ME","Peabody Pond-Northwest River"
"82766","010600010110","ME","Sebago Lake"
"82767","010600010202","ME","Crystal Lake-Collyer Brook"
"82768","010600010203","ME","East Branch Chandler Brook"
"82769","010600010204","ME","Chandler Brook"
"82770","010600010205","ME","Cousins River"
"82771","010600010301","ME","Little Sebago Lake-Pleasant River"
"82772","010600010302","ME","Little River"
"82773","010600010303","ME","East Branch Piscataqua River"
"82774","010100020105","ME","Woodman Brook-Eagle Lake"
"82775","010100020204","ME","Churchill Lake"
"82776","010100030305","ME","Daigle Brook"
"82828","010600010402","ME","Fore River"
"82829","010600010305","ME","Piscataqua River"
"82830","010600010401","ME","Stroudwater River"
"82831","010600010501","ME","Spurwink River"
"82832","010600010503","ME","Nonesuch River"
"82851","010600010504","ME","Mill Brook"
"82882","010600010505","ME","Scarborough River"
"82883","010600010601","ME","New Meadows River"
"82884","010600010603","ME","Harraseeket River"
"83000","010300030103","ME","Pleasant Pond Stream"
"83001","010300020405","ME","Little Spencer Stream"
"83002","010300020406","ME","Spencer Stream"
"83003","010300030102","ME","Pierce Pond Stream"
"83004","010300030301","ME","Jackson Brook-Kennebec River"
"83005","010300030302","ME","Fall Brook"
"83006","010300030402","ME","Upper Carrabassett River"
"83007","010300030602","ME","Middle Carrabassett River"
"83008","010300030802","ME","Embden Pond"
"83193","010300010203","ME","Holeb Pond"
"83194","010300010306","ME","Churchill Stream"
"83195","010300010404","ME","Brassua Lake-Moose River"
"83216","010300010504","ME","Spencer Pond"
"83217","010300010506","ME","First Roach Pond"
"83265","010300010508","ME","Lily Bay Brook"
"83287","010300010607","ME","Moxie Stream"
"83303","010300010509","ME","South Brook"
"83304","010300010510","ME","Moosehead Lake"
"83305","010300010603","ME","Indian Pond"
"83306","010300020301","ME","Stratton Brook"
"83307","010300020404","ME","Fish Pond"
"83340","010300031301","ME","Getchell Brook-Kennebec River"
"83341","010300031403","ME","Wesserunsett Lake"
"83342","010300031404","ME","Cold Brook"
"83343","010300031501","ME","Eaton Ridge-Kennebec River"
"83344","010300031505","ME","Carrabassett Stream"
"83366","010300030803","ME","Mill Stream"
"83367","010300031003","ME","Temple Stream"
"83409","010300032004","ME","Sandy Stream"
"83410","010300032104","ME","China Lake"
"83411","010300032106","ME","Lower Sebasticook River"
"83412","010300032201","ME","East Pond-North Pond"
"83413","010300032203","ME","Long Pond"
"83414","010300032204","ME","Messalonskee Lake"
"83415","010300032301","ME","Maranacook Lake"
"83416","010300032302","ME","Wilson Pond"
"83417","010300032303","ME","Annabessacook Lake"
"83418","010300032304","ME","Jock Stream"
"83422","010300032305","ME","Cobbosseecontee Lake"
"83431","010300031101","ME","Wilson Stream-Wilson Pond"
"83432","010300031203","ME","Bog Stream"
"83433","010300031603","ME","Ferguson Stream"
"83434","010300031606","ME","Great Moose Lake"
"83435","010300031701","ME","Indian Stream"
"83436","010300031702","ME","Upper Sebasticook River"
"83437","010300031801","ME","Lake Wassookeag"
"83438","010300031802","ME","Corundel Lake"
"83439","010300031803","ME","Alder Stream"
"83440","010300031804","ME","Mulligan Stream"
"83509","010300032001","ME","Carlton Pond"
"83510","010300031805","ME","Stetson Stream"
"83511","010300031806","ME","Sebasticook Lake"
"83512","010300031901","ME","Plymouth Pond"
"83852","010500030206","ME","Muscongus Bay-Atlantic Ocean"
"83853","010600010605","ME","Casco Bay-Atlantic Ocean"
"83854","010600030303","ME","Goosefare Bay-Atlantic Ocean"
"83856","010600031106","ME,NH","York Harbor-Atlantic Ocean"
"83872","010600030104","ME","Oaks Reef-Atlantic Ocean"
"83873","010600030207","ME","Libbys Point-Atlantic Ocean"
"83874","010600031004","ME,NH","Rye Harbor-Atlantic Ocean"
"84846","010200030204","ME","Beaver Brook"
"84847","010200030205","ME","Lower East Branch Mattawamkeag River"
"84848","010200030301","ME","Scagrock Brook"
"85549","010200030504","ME","Smith Brook"
"85550","010200030505","ME","Hawkins Brook"
"85551","010200030506","ME","Finn Brook"
"85552","010200030509","ME","Mud Brook"
"85553","010200030510","ME","Crossuntic Stream"
"85554","010200030601","ME","West Branch Molunkus Stream"
"85555","010200030602","ME","East Branch Molunkus Stream"
"85557","010200030603","ME","Upper Molunkus Stream"
"85558","010200030604","ME","Molunkus Lake"
"85559","010200030607","ME","Lower Molunkus Stream"
"85560","010200030702","ME","East Branch Mattakeunk Stream"
"85561","010200030703","ME","Mattakeunk Stream"
"85562","010200030704","ME","Lower Mattawamkeag River"
"85911","010500030103","ME","Sennebec Pond"
"85912","010500030104","ME","Seven Tree Pond"
"85913","010500030105","ME","Oyster River"
"85914","010500030201","ME","Medomak Pond"
"85915","010500030203","ME","Medomak River"
"85916","010500030205","ME","Islands of Muscongus Bay"
"85918","010500030301","ME","Pemaquid River"
"85919","010500030302","ME","Damariscotta Lake"
"85986","010500030306","ME","Islands of Johns Bay-Islands of Boothbay Harbor"
"85987","010500030402","ME","West Branch Sheepscot River"
"85988","010500030404","ME","Dyer River"
"85989","010500030405","ME","Marsh River"
"85990","010500030406","ME","Sheepscot River"
"85992","010500030501","ME","Montsweag Brook"
"85993","010500030502","ME","Cross River"
"86002","010500030403","ME","Clary Lake-Sheepscot River"
"86020","010500040903","ME","Islands of Grand Manan Channel"
"86272","010200011003","ME","Big Mud Brook"
"86274","010200011005","ME","Millinocket Stream"
"86275","010200011006","ME","Schoodic Stream"
"86276","010200020101","ME","East Branch Allagash Stream"
"86306","010200030303","ME","Upper Mattawamkeag River"
"86321","010500030601","ME","Abagadasset River"
"86325","010500030602","ME","Nequasset Lake-Nequasset Brook"
"86326","010500040204","ME","Boyden Stream"
"86387","010500040403","ME","Cathance Stream"
"86389","010500040401","ME","Meddybemps Lake"
"86390","010500040402","ME","Lake Cathance"
"86391","010500040404","ME","Dennys River"
"86392","010500040501","ME","Pennamaquan Lake"
"86393","010500040502","ME","Pennamaquan River"
"86394","010500040602","ME","Orange River"
"86395","010500040603","ME","East Stream"
"86396","010500040604","ME","Hobart Stream"
"86397","010500040605","ME","Wilson Stream"
"86398","010500040901","ME","Schooner Brook-Frontal Grand Manan Channel"
"86738","010600010506","ME","Islands of Saco Bay"
"86756","010600010604","ME","Islands of Casco Bay"
"86857","010500021404","ME","Flanders Pond-Flanders Stream"
"86858","010500021405","ME","Skillings River"
"86925","010500021409","ME","Islands of Frenchman Bay"
"86926","010500021406","ME","Jordan River"
"86927","010500021410","ME","Frenchman Bay-Atlantic Ocean"
"86929","010500021504","ME","McHeard Brook"
"87007","010500021508","ME","Islands of Blue Hill-Mount Desert Frontal Drainages"
"87022","010500021505","ME","Mill Stream-Blue Hill"
"87024","010500021506","ME","Carleton Stream-First Pond"
"87025","010500021601","ME","Upper Bagaduce River"
"87026","010500021602","ME","Lower Bagaduce River"
"87104","010500021802","ME","Swan Lake-Goose River"
"87106","010500021702","ME","Islands of Stonington Frontal Drainages"
"87107","010500021801","ME","Passagassawakeag River"
"87108","010500021901","ME","Mill Brook"
"87109","010500021902","ME","Belfast Reservoir Number One-Little River"
"87110","010500021903","ME","Ducktrap River"
"87111","010500021904","ME","Megunticook River"
"87112","010500021905","ME","Hosmer Pond-Goose River"
"87113","010500030101","ME","Trues Pond"
"87114","010500030102","ME","Quantabacook Lake"
"88041","010100020101","ME","Smith Brook"
"88044","010100020102","ME","Russell Brook"
"88045","010100020103","ME","Soper Brook"
"88046","010100020104","ME","Snare Brook"
"88047","010100020202","ME","North Twin Brook"
"88095","010100020203","ME","Pleasant Stream"
"88096","010100020305","ME","Priestly Brook"
"88097","010100020308","ME","Chemquasabamticook Stream"
"88098","010100020401","ME","Harrow Lake-Harrow Brook"
"88100","010100020404","ME","Glazier Brook"
"88101","010100020405","ME","Shepherd Brook"
"88102","010100020406","ME","Grey Brook-Long Lake"
"88103","010100020501","ME","Third Musquacook Lake"
"88155","010100020705","ME","Five Finger Brook"
"88156","010100020707","ME","Ramsay Brook"
"88157","010100020709","ME","McKeen Brook"
"88158","010200010501","ME","Black Pond"
"88160","010100020505","ME","Musquacook Stream"
"88164","010100020502","ME","First Musquacook Lake"
"88165","010100020503","ME","Little Musquacook Stream"
"88166","010100020504","ME","Robbins Brook"
"88167","010100020704","ME","Middle Allagash River"
"88208","010100030201","ME","Chase Brook"
"88233","010100030101","ME","Fox Brook"
"88234","010100030103","ME","Smith Brook"
"88237","010100030202","ME","Mosquito Brook"
"88322","010200010206","ME","Alder Brook"
"88328","010200010205","ME","Hale Brook"
"88329","010200010207","ME","Canada Falls Lake"
"88330","010200010210","ME","Seeboomook Lake"
"88332","010200010303","ME","Kidney Brook"
"88333","010200010304","ME","Maxfield Brook"
"88334","010200010305","ME","Lobster Lake-Lobster Stream"
"88335","010200010306","ME","Ragmuff Stream"
"88336","010200010307","ME","Pine Stream"
"88337","010200010308","ME","Upper West Branch Penobscot River"
"88408","010200010402","ME","Big Scott Brook"
"88427","010200010502","ME","Umbazookus Lake"
"88428","010200010503","ME","Cuxabexis Lake"
"88429","010200010504","ME","Red Brook"
"88430","010200010505","ME","Ragged Lake"
"88431","010200010506","ME","Ragged Stream"
"88432","010200010507","ME","Harrington Lake"
"88433","010200010508","ME","Ripogenus Stream"
"88434","010200010509","ME","Chesuncook Lake"
"88514","010200010702","ME","Pollywog Pond"
"88515","010200010601","ME","Nesowadnehunk Lake"
"88516","010200010602","ME","Nesowadnehunk Stream"
"88517","010200010701","ME","Rainbow Lake"
"88518","010200010801","ME","Upper Jo-Mary Lake"
"88519","010200010803","ME","Cooper Pond"
"88520","010200010804","ME","Mud Pond"
"88521","010200010805","ME","Jo-Mary Lake"
"88522","010200010901","ME","Katahdin Stream"
"88523","010200010902","ME","Abol Stream"
"88524","010200010903","ME","First Debsconeag Lake"
"88525","010200010905","ME","Pemadumcook Lake"
"88526","010200010906","ME","Nollesemic Lake"
"88562","010200011001","ME","Lower Togue Pond"
"88563","010200011002","ME","Sandy Stream"
"88564","010200011004","ME","Millinocket Lake"
"88565","010200020104","ME","Mud Pond"
"88566","010200020105","ME","Chamberlain Lake"
"88567","010200020107","ME","Webster Lake"
"88568","010200020108","ME","Webster Brook"
"88587","010200030302","ME","Battle Brook"
"88588","010200030401","ME","Baskahegan Lake"
"88589","010200030402","ME","Crooked Brook Flowage"
"88590","010200030403","ME","Lower Hot Brook Lake"
"88591","010200030404","ME","Baskahegan Stream"
"88592","010200030501","ME","Wytopitlock Lake"
"88593","010200030502","ME","Wytopitlock Stream"
"88610","010200020204","ME","Trout Brook"
"88611","010200020302","ME","Haskell Deadwater-East Branch Penobscot River"
"88612","010200020303","ME","Big Spring Brook"
"88613","010200020401","ME","Grand Lake Seboeis"
"88614","010200020402","ME","Hay Brook"
"88615","010200020403","ME","Scraggly Brook"
"88616","010200020405","ME","Sawtelle Brook"
"88617","010200020406","ME","Upper Seboeis River"
"88618","010200020501","ME","Katahdin Brook"
"88619","010200020502","ME","Wassataquoik Stream"
"88620","010200020503","ME","Soldier Brook"
"88621","010200020504","ME","Swift Brook"
"88622","010200020505","ME","Mud Brook"
"88637","010200020205","ME","Grand Lake Matagamon"
"88641","010200020203","ME","Lower South Branch Pond"
"88682","010200030101","ME","Rockabema Lake"
"88688","010200020506","ME","Meadow Brook"
"88689","010200030102","ME","West Hastings Brook"
"88690","010200030103","ME","East Hastings Brook"
"88691","010200030104","ME","Alder Brook"
"88692","010200030105","ME","Crystal Lake-Crystal Brook"
"88693","010200030107","ME","Fish Stream"
"88694","010200030108","ME","Caribou Lake-Sly Brook"
"88695","010200030109","ME","Upper West Branch Mattawamkeag River"
"88696","010200030110","ME","Dyer Brook"
"88697","010200030112","ME","Babcock Brook"
"88698","010200030113","ME","Lower West Branch Mattawamkeag River"
"88699","010200030201","ME","Upper East Branch Mattawamkeag River"
"88700","010200030202","ME","Middle East Branch Mattawamkeag River"
"88701","010200040201","ME","Manhanock Pond"
"88702","010200040202","ME","Black Stream"
"88703","010200040203","ME","Salmon Stream-Piscataquis River"
"88704","010200040204","ME","Alder Stream"
"88705","010200040205","ME","Meadow Brook-Piscataquis River"
"88706","010200040301","ME","Lower Wilson Pond"
"88710","010200030203","ME","Pleasant Lake"
"88741","010200040104","ME","Shirley Pond"
"88742","010200040101","ME","West Shirley Bog"
"88743","010200040102","ME","Bald Mountain Pond"
"88744","010200040103","ME","West Branch Piscataquis River"
"88745","010200040105","ME","East Branch Piscataquis River"
"88747","010200040106","ME","Brown Brook"
"88748","010200040107","ME","Thorn Brook"
"88749","010200040108","ME","Kingsbury Pond"
"88750","010200040109","ME","Carlton Stream"
"88751","010200040110","ME","Kingsbury Stream"
"88752","010200040111","ME","Blackstone Brook-Piscataquis River"
"88812","010100030301","ME","McLean Brook"
"88816","010200040305","ME","Davis Brook"
"88819","010200040302","ME","Upper Big Wilson Stream"
"88821","010200040303","ME","Little Wilson Stream"
"88822","010200040304","ME","Monson Stream"
"88823","010200040306","ME","Lower Big Wilson Stream"
"88824","010200040307","ME","Lake Onawa"
"88825","010200040308","ME","First Buttermilk Pond"
"88826","010200040309","ME","Ship Pond Stream"
"88827","010200040310","ME","Bear Brook"
"88828","010200040311","ME","Sebec Lake"
"88829","010200040312","ME","Sebec River"
"88830","010200040401","ME","Upper West Branch Pleasant River"
"88831","010200040402","ME","Middle West Branch Pleasant River"
"88832","010200040403","ME","Silver Lake"
"88833","010200040404","ME","Houston Brook"
"88834","010200040405","ME","Lower West Branch Pleasant River"
"88835","010200040406","ME","B Pond"
"88851","010200040407","ME","Upper East Branch Pleasant River"
"88852","010200040408","ME","Middle Branch Pleasant River"
"88853","010200040410","ME","Pleasant River"
"88854","010200040501","ME","Seboeis Lake"
"88855","010200040502","ME","East Branch Seboeis Stream"
"88856","010200040503","ME","West Branch Seboeis Stream"
"88905","010200040409","ME","Lower East Branch Pleasant River"
"88909","010200040504","ME","Seboeis Stream"
"88910","010200040601","ME","Alder Brook-Piscataquis River"
"88911","010200040602","ME","Schoodic Lake-Schoodic Stream"
"88912","010200040603","ME","Scutaze Stream"
"88913","010200050101","ME","Salmon Stream Lake"
"88914","010200050102","ME","Salmon Stream"
"88915","010200050103","ME","Mattaseunk Stream"
"88916","010200050104","ME","Pattagumpus Stream-Penobscot River"
"88952","010200050206","ME","Upper Mattamiscontis Stream"
"88953","010200050207","ME","Lower Mattamiscontis Stream"
"88954","010200050208","ME","Pollack Brook-Penobscot River"
"88972","010200050203","ME","Ebhorse Stream"
"88973","010200050204","ME","Medunkeunk Stream"
"89146","010100030306","ME","Cross Lake"
"89148","010100030307","ME","Little Goddard Brook"
"89149","010100030308","ME","Goddard Brook"
"89150","010100030309","ME","Square Lake"
"89188","010100030303","ME","Mud Lake"
"103379","010400010604","ME,NH","Stearns Brook"
"103381","010400020203","ME","Chapman Brook-Androscoggin River"
"103387","010400020103","ME,NH","Lary Brook-Androscoggin River"
"103389","010400020201","ME,NH","Wild River"
"103391","010400020202","ME","Pleasant River"
"103393","010600010101","ME","Upper Crooked River"
"103420","010600020304","ME,NH","Weeks Brook-Saco River"
"103422","010600020401","ME,NH","Charles River"
"103424","010600020402","ME","Kezar Lake"
"103451","010600010102","ME","Middle Crooked River"
