"011000050506","CT,NY","Tenmile River"
"011000050203","CT,MA,NY","Hubbard Brook"
"011000050102","MA","Wahconah Falls Brook"
"020200030603","MA","Phillips Creek-Hoosic River"
"020200061001","MA,NY","Headwaters Roeliff Jansen Kill"
"011000060405","CT,NY","Horseneck Brook-Frontal Long Island Sound"
"010400010604","ME,NH","Stearns Brook"
"010700010205","NH","Mill Brook-Pemigewasset River"
"010400020203","ME","Chapman Brook-Androscoggin River"
"010400010605","NH","Horne Brook-Androscoggin River"
"010700010301","NH","Headwaters Baker River"
"010400010606","NH","Dead River-Androscoggin River"
"010400020102","NH","Peabody River"
"010801010702","NH","Higgins Brook-Upper Ammonoosuc River"
"010400020103","ME,NH","Lary Brook-Androscoggin River"
"010400020104","NH","Moose River"
"010400020201","ME,NH","Wild River"
"010700010306","NH","Stinson Brook"
"010400020202","ME","Pleasant River"
"010700010206","NH","West Branch Brook"
"010600010101","ME","Upper Crooked River"
"010600020101","NH","Headwaters Saco River"
"010700010403","NH","Bog Brook-Pemigewasset River"
"010600020102","NH","Sawyer River"
"010600020103","NH","Rocky Branch"
"010801010806","NH","Israel River"
"010600020104","NH","Wildcat Brook"
"010700010204","NH","Eastman Brook"
"010600020105","NH","Ellis River"
"010801010707","NH","Upper Ammonoosuc River"
"010600020106","NH","Bartlett Brook-Saco River"
"010700010402","NH","Beebe River"
"010600020107","NH","Dry River"
"010700010401","NH","Mad River"
"010600020201","NH","Headwaters Swift River"
"010700010302","NH","Atwell Brook-Baker River"
"010600020202","NH","Oliverian Brook-Swift River"
"010801010804","NH","Garland Brook"
"010600020203","NH","Pequawket Brook"
"010700010202","NH","Moosilauke Brook"
"010600020204","NH","Swift River"
"010600020301","NH","East Branch Saco River"
"010700010307","NH","Baker River"
"010600020302","NH","Kearsarge Brook-Saco River"
"010801030301","NH","Headwaters Gale River"
"010600020303","NH","Conway Lake-Saco River"
"010801010803","NH","Stag Hollow Brook-Israel River"
"010600020304","ME,NH","Weeks Brook-Saco River"
"010801010802","NH","Appleby Road Brook-Mill Brook"
"010600020401","ME,NH","Charles River"
"010801010701","NH","Headwaters Upper Ammonoosuc River"
"010600020402","ME","Kezar Lake"
"010600020601","NH","Upper Bearcamp River"
"010700010305","NH","Halls Brook-Baker River"
"010600020602","NH","Cold River"
"010600020603","NH","Mill Brook-Swift River"
"010801010801","NH","Headwaters Israel River"
"010600020604","NH","Chocorua River"
"010700010101","NH","North Fork East Branch Pemigewasset River"
"010801030304","NH","Gale River"
"010700010102","NH","Cedar Brook-East Branch Pemigewasset River"
"010801030303","NH","Ham Branch"
"010700010103","NH","Franconia Branch"
"010801010805","NH","Otter Brook"
"010700010104","NH","East Branch Pemigewasset River"
"010700010201","NH","Headwaters Pemigewasset River"
"010801010705","NH","Mill Brook"
"010700010203","NH","Glover Brook-Pemigewasset River"
"010700010303","NH","Pond Brook"
"010801030102","NH","Johns River"
"010801030302","NH","Meadow Brook-Gale River"
"010801030401","NH","Headwaters Ammonoosuc River"
"010801030402","NH","Zealand River-Ammonoosuc River"
"010801030504","NH","Upper Wild Ammonoosuc River"
"010801030505","NH","Lower Wild Ammonoosuc River"
"010801030701","NH","Oliverian Brook"
"010801040201","NH","Eastman Brook"
"010400020101","NH","Moose Brook-Androscoggin River"
"010600010102","ME","Middle Crooked River"
"010700010404","NH","Clay Brook-Pemigewasset River"
"011000030303","CT","Stony Brook-Frontal Fishers Island Sound"
"010700061404","MA,NH","Outlet Merrimack River"
"010600031006","MA,NH","Hampton Harbor Inlet-Atlantic Ocean"
"010900010703","MA","Beaver Brook-Charles River"
"010900010803","MA","Outlet Neponset River"
"010900060102","RI","Point Judith Pond-Frontal Block Island Sound"
"010900060101","RI","Saugatucket River"
"020302020804","NY,RI","Block Island Sound"
"010700060801","NH","Black Brook"
"010700010601","NH","Cockermouth River"
"010700060604","NH","Headwaters South Branch Piscataquog River"
"010700020103","NH","Shannon Brook-Moultonborough Bay"
"010700061206","MA,NH","Limit Brook-Merrimack River"
"010700050102","MA","Sudbury Reservoir-Sudbury River"
"011000070303","CT,RI","Outlet Pawcatuck River"
"010900030208","MA,RI","Peters River-Blackstone River"
"010900040602","RI","Flat River Reservoir"
"010802060305","MA","Powdermill Brook-Westfield River"
"010801070505","NH,VT","Catsbane Brook-Connecticut River"
"010802040101","MA","Middle Branch Swift River"
"010802030203","MA","Chickley River"
"010802040102","MA","Headwaters East Branch Swift River"
"010802040202","MA","East Branch Ware River-Ware River"
"010802040302","MA","Lake Lashaway-East Brookfield River"
"010802040307","MA","Lower Quaboag River"
"010802060103","MA","Dead Branch"
"010802060104","MA","Middle Branch Westfield River"
"010802060301","MA","Moose Meadow Brook-Westfield River"
"010802070202","MA","Upper West Branch Farmington River"
"010802070201","MA","Otis Reservoir"
"010802030401","MA,VT","Upper Green River"
"010900010402","MA","Outlet Saugus River"
"010900020302","MA","Weweantic River"
"010900020105","MA","Plymouth Bay"
"010801030502","NH","Ogontz Brook"
"010801020302","VT","South Wheelock Branch-Passumpsic River"
"010801010402","NH","Lower Mohawk River"
"010801010401","NH","Upper Mohawk River"
"010802030102","VT","East Branch Deerfield River"
"010801050302","VT","Second Branch White River"
"010802010608","MA","Upper Manhan River"
"010802010602","MA","Russellville Brook-Connecticut River"
"010802020204","MA","Beaver Brook-Millers River"
"010802020101","MA,NH","Headwaters Millers River"
"010801070404","VT","Smith Brook-West River"
"010802010201","NH","Otter Brook Lake-Otter Brook"
"010802010402","MA,NH","Mirey Brook"
"010801070305","VT","Cobb Brook-West River"
"010801060502","VT","Branch Brook-Black River"
"010801020104","VT","West Branch Passumpsic River"
"010801060701","NH","Little Sugar River"
"010801060404","NH","North Branch Sugar River"
"010801040103","VT","South Branch Waits River"
"010801030201","NH,VT","Miles Stream-Connecticut River"
"010801070201","NH","Headwaters Cold River"
"010801060301","NH","Bloods Brook"
"010801060204","VT","Kedron Brook"
"010801060104","NH","Crystal Lake Brook"
"010801050105","VT","Locust Creek"
"010801040204","NH","Grant Brook"
"010801050502","VT","Mill Brook-White River"
"010801050103","VT","Breakneck Brook-White River"
"010801010902","NH,VT","Dean Brook-Connecticut River"
"011000010403","CT","Fall Brook-Quinebaug River"
"011000020201","CT","Bungee Brook"
"011000050701","CT","Headwaters Shepaug River"
"011000040104","CT","Muddy River"
"011000040206","CT","Farm River"
"011000010401","CT,MA","Roseland Lake-Little River"
"011000050306","CT,MA","Carse Brook-Housatonic River"
"011000051003","CT","Halfway River-Housatonic River"
"011000050803","CT","Lake Lillinonah-Housatonic River"
"011000050901","CT","Nonnewaug River"
"011000050903","CT","Pomperaug River"
"011000051201","CT","Hancock Brook"
"011000051204","CT","Hop Brook"
"011000051207","CT","Bladens River-Naugatuck River"
"011000060101","CT","Aspetuck River"
"011000010101","CT,MA","Hamilton Reservoir"
"011000010104","CT,MA","Cady Brook-Quinebaug River"
"011000020103","CT,MA","Furnace Brook"
"011000050204","CT,MA","Ironwork Brook-Housatonic River"
"011000050303","CT,MA","Blackberry River"
"010900011008","MA","Martin Ledge-Massachusetts Bay"
"010900010502","MA","Mystic River"
"010900011007","MA","Nahant Bay-Massachusetts Bay"
"010900011003","MA","North River-Massachusetts Bay"
"010900010301","MA","Essex Bay"
"011000060201","CT,NY","Silvermine River"
"011000060401","CT,NY","Rippowam River-Frontal Stamford Harbor"
"011000060402","CT,NY","Mianus River-Frontal Cos Cob Harbor"
"011000050501","CT,NY","Headwaters Webatuck Creek"
"011000050601","CT,NY","Lake Candlewood"
"011000060403","CT,NY","Byram River"
"011000060404","CT,NY","Fivemile River-Frontal Long Island Sound"
"011000010503","CT,RI","Lower Moosup River"
"011000010202","MA","Buffumville Lake-Little River"
"011000050106","MA","Mad River-Hop Brook"
"011000050107","MA","Konkapot Brook-Housatonic River"
"010802050301","CT","Trout Brook"
"010802050903","CT","Eightmile River"
"010802070401","CT","Nepaug River"
"010802070403","CT","Copper Mine Brook"
"010802070501","CT","West Branch Salmon Brook"
"010802050103","CT,MA","Muddy Brook"
"010802070302","CT,MA","Valley Brook-East Branch Farmington River"
"010900010205","MA","Lower Ipswich River"
"010700030105","NH","Otter Brook"
"010700030203","NH","Shedd Brook"
"010700060402","NH","Upper Suncook Lake-Suncook River"
"010700030503","NH","Mountain Brook-Blackwater River"
"010700030304","NH","Hopkinton Lake-Contoocook River"
"010700060201","NH","Gues Meadow Brook"
"010700060501","NH","Perry Brook-Suncook River"
"010700020102","NH","Watson Brook-Alton Bay"
"010700010803","NH","Franklin Falls Dam-Pemigewasset River"
"010700020108","NH","Lake Waukewan"
"010700050205","MA","River Meadow Brook"
"010700040201","MA","Quinapoxet River"
"010700040302","MA,NH","Witch Brook-Squannacook River"
"010700061102","MA,NH","Spicket River"
"010700030101","NH","Town Farm Brook-Contoocook River"
"010700060903","NH","Stony Brook"
"010900030204","MA,RI","Branch River"
"011000070101","CT,RI","Upper Wood River"
"010900040603","RI","South Branch Pawtuxet River"
"010900040607","RI","North Branch Pawtuxet River"
"010900040608","RI","Pocasset River"
"010900040909","RI","Lower East Passage"
"010900010401","MA","Headwaters Saugus River"
"010900040902","RI","Old Mill Creek-Narragansett Bay"
"010900040903","RI","Greenwich Bay"
"011000070201","RI","Chipuxet River-Pawcatuck River"
"011000070204","RI","Usquepaug River-Pawcatuck River"
"011000070205","CT,RI","Tomaquag Brook-Pawcatuck River"
"010900060103","RI","Ninigret Pond-Frontal Block Island Sound"
"010900010602","MA","Chicken Brook-Charles River"
"010900010305","MA","Sandy Bay-Atlantic Ocean"
"010900011004","MA","Normans Woe-Massachusetts Bay"
"010900020700","MA","Nantucket Island-Nantucket Sound"
"010900020602","MA","Martha's Vineyard-Atlantic Ocean"
"010900020504","MA,RI","Horseneck Beach-Rhode Island Sound"
"010900020402","MA","Paskamanset River"
"010900020503","MA,RI","Cold Brook-Rhode Island Sound"
"010900011010","MA","Strawberry Ledge-Massachusetts Bay"
"010900011005","MA","Boston Harbor"
"010900011001","MA","Cape Ann-Atlantic Ocean"
"010900010304","MA","Ipswich Bay-Atlantic Ocean"
"010900010303","MA","Plum Island-Atlantic Ocean"
"010900020601","MA","Martha's Vineyard-Vineyard Sound"
"010900020403","MA","Outlet Buzzards Bay"
"010900020203","MA","Hyannis Harbor-Frontal Nantucket Sound"
"010900020304","MA","Red Brook-Onset Bay"
"010900010102","MA","Outlet Parker River"
"010900020104","MA","Outlet North River"
"010900020502","MA,RI","Westport River"
"010900020306","MA","Buzzards Bay"
"010700030201","NH","Highland Lake"
"010900020501","MA","Noquochoke Lake"
"010700030102","NH","Brush Brook"
"010802010202","NH","The Branch-Otter Brook"
"010802010101","NH","Ashuelot Pond-Ashuelot River"
"010802040306","MA","Chicopee Brook"
"011000070302","CT","Shunock River"
"010802040301","MA","Sevenmile River"
"010802040305","MA","Middle Quaboag River"
"010900030101","MA","Kettle Brook"
"011000010201","MA","Upper French River"
"010900030104","MA","Mumford River"
"010900030202","MA,RI","Clear River"
"010900040605","RI","Barden Reservoir-Ponaganset River"
"010802050601","CT","Upper Mattabesset River"
"010802050602","CT","Coginchaug River"
"010802050603","CT","Lower Mattabesset River"
"010802050701","CT","Higganum Creek"
"010802050802","CT","Jeremy River"
"010802050902","CT","East Branch Eightmile River"
"010900020401","MA","Acushnet River"
"010802050905","CT","Joshua Creek-Connecticut River"
"010802070101","CT","Mad River"
"010802070404","CT","Pequabuck River"
"010900030201","MA","West River"
"010200030503","ME","Mattagodus Stream"
"010500010303","ME","Junior Stream"
"011000040101","CT","Eightmile River"
"010900020305","MA","Mattapoisett River-Frontal Buzzards Bay"
"011000040103","CT","Headwaters Quinnipiac River"
"011000040202","CT","Hammonasset River-Frontal Clinton Harbor"
"010700040203","MA","Goodridge Brook-Nashua River"
"011000030101","CT","Deep River"
"010700061402","MA,NH","Creek Brook-Merrimack River"
"011000051102","CT","East Branch Naugatuck River"
"010900020103","MA","Jones River"
"011000051103","CT","Leadmine Brook"
"011000051302","CT","Housatonic River-Frontal Long Island Sound"
"011000060302","CT","Mill River-Frontal Long Island Sound"
"010900010101","MA","Headwaters Parker River"
"010900010604","MA","Stop River-Charles River"
"010900010702","MA","Stony Brook"
"011000050103","MA","East Branch Housatonic River"
"010900020301","MA","Sippican River"
"010900020303","MA","Agawam River-Buzzards Bay"
"010200010802","ME","Crawford Pond"
"010300010505","ME","Second Roach Pond"
"010900020106","MA","Green Harbor River"
"010900020201","MA","Barnstable Harbor-Cape Cod Bay"
"010900020202","MA","Cape Cod National Seashore-Atlantic Ocean"
"010900020101","MA","Headwaters Indian Head River"
"010900020102","MA","Indian Head River-North River"
"010900020107","MA","Massachusetts Bay-Cape Cod Bay"
"010801030501","NH","Salmon Hole Brook-Ammonoosuc River"
"010801030206","NH,VT","Manchester Brook-Connecticut River"
"010801030506","NH","Ammonoosuc River"
"010400020903","ME","Pennesseewassee Lake"
"010801030602","NH,VT","Wells River"
"010400020503","ME","Spears Stream"
"010801020402","VT","Joes Brook"
"010801020203","VT","Moose River"
"010801020401","VT","Sleepers River"
"010400020207","ME","Pond Stream-Androscoggin River"
"010400020602","ME","Clay Brook-Androscoggin River"
"010900010202","MA","Middle Ipswich River"
"010900010201","MA","Upper Ipswich River"
"010900010601","MA","Headwaters Charles River"
"010900010203","MA","Fish Brook"
"010900010204","MA","Howlett Brook"
"010900010501","MA","Aberjona River"
"010900010603","MA","Bogastow Brook"
"010900010701","MA","Fuller Brook-Charles River"
"010900010801","MA","Headwaters Neponset River"
"010900010802","MA","East Branch Neponset River"
"010900011011","MA","Aaron River-Cohasset Harbor"
"010900010902","MA","Weir River"
"010900010903","MA","Hingham Bay-Frontal Quincy Bay"
"010900011009","MA","Quincy Bay"
"010900011012","MA","Little Harbor-Massachusetts Bay"
"010900010704","MA","Outlet Charles River"
"010900011006","MA","Broad Sound-Massachusetts Bay"
"010801010903","NH,VT","Mink Brook-Connecticut River"
"010400020205","ME","Sunday River"
"010400020406","ME","Logan Brook-Androscoggin River"
"010400020603","ME","Taylor Pond"
"010400010403","NH","Nathan Pond Brook-Swift Diamond River"
"010801070302","VT","Utley Brook"
"010600030602","NH","Axe Handle Brook"
"010700030401","NH","Andrew Brook"
"010600030302","ME","Vaughn Island"
"010801060403","NH","South Branch Sugar River"
"010801060601","VT","Headwaters Williams River"
"010600030606","NH","Long Pond"
"010700060302","NH","Bow Bog Brook-Merrimack River"
"010700030404","NH","Lower Warner River"
"010801050101","VT","Headwaters White River"
"010801040104","NH,VT","Waits River"
"010802010702","MA","Stony Brook-Connecticut River"
"010802010701","MA","Batchelor Brook"
"010802010609","MA","Lower Manhan River"
"010802010607","MA","North Branch Manhan River"
"010400020501","ME","Webb Lake"
"010801010706","NH","Nash Stream"
"010700030301","NH","Sand Brook-Contoocook River"
"010801050301","VT","Headwaters Second Branch White River"
"010700060301","NH","Turkey River"
"010801050501","VT","Broad Brook-White River"
"010801050106","VT","Stony Brook-White River"
"010400020907","ME","Waterhouse Brook"
"010400021003","ME","Little River"
"010400021004","ME","Denham Stream"
"010600020501","ME","Moose Pond-Moose Pond Brook"
"010400020906","ME","Whitney Pond"
"010400020910","ME","Taylor Pond-Little Androscoggin River"
"010801040102","VT","Headwaters Waits River"
"010400020908","ME","Meadow Brook-Little Androscoggin River"
"010400020803","ME","Stetson Brook-Androscoggin River"
"010400020905","ME","Thompson Lake"
"010600020403","ME","Kezar Pond"
"010801030503","NH","Pearl Lake Brook-Ammonoosuc River"
"010400020802","ME","Lake Auburn"
"010802010606","MA","Mill River"
"010400020605","ME","Androscoggin Lake"
"010801030203","NH,VT","Comerford Station Dam-Connecticut River"
"010400020902","ME","Andrews Brook-Little Androscoggin River"
"010802010610","MA","Dry Brook-Connecticut River"
"010802010605","MA","Fort River"
"010802010603","MA","Doolittle Brook-Mill River"
"010700040202","MA","Stillwater River"
"010802010604","MA","West Brook-Mill River"
"010700061301","MA","Upper Shawsheen River"
"010700040204","MA","Still River-Nashua River"
"010700040103","MA","Monoosnoc Brook-North Nashua River"
"010802010601","MA","Sawmill River"
"010700061202","MA","Keyes Brook-Stony Brook"
"010700040205","MA","Mulpus Brook-Nashua River"
"010700040101","MA","Whitman River"
"010700061302","MA","Middle Shawsheen River"
"010400021001","ME","Sabattus Pond"
"010400020901","ME","Bryant Pond-Little Androscoggin River"
"010400020703","ME","Martin Stream"
"010801020403","NH,VT","Water Andric-Passumpsic River"
"010801030202","NH,VT","Moore Reservoir-Connecticut River"
"010801010703","NH","North Branch Upper Ammonoosuc River"
"010801020201","VT","Rogers Brook"
"010400020206","ME","Bear River"
"010400020601","ME","Sevenmile Stream"
"010400020303","ME","West Branch Ellis River"
"010400020404","ME","Middle Swift River"
"010801010403","NH","Simms Stream"
"010400010502","NH","Clear Stream"
"010801010404","NH,VT","Clough Brook-Connecticut River"
"010400010406","ME,NH","Sturtevant Stream-Magalloway River"
"010400010106","ME","South Bog Stream"
"010400010110","ME","Lower Richardson Lake"
"010801010503","VT","Nulhegan River"
"010400010405","NH","Dead Diamond River"
"010802020205","MA","Mill Brook-Millers River"
"010802020201","MA","Otter River"
"010802020207","MA","Lyons Brook-Millers River"
"010700040102","MA","Sand Brook-North Nashua River"
"010700061303","MA","Lower Shawsheen River"
"010802020206","MA","Moss Brook-Millers River"
"010802010503","MA","Fourmile Brook-Connecticut River"
"010700061207","MA,NH","Fish Brook-Merrimack River"
"010700040301","MA,NH","Willard Brook"
"010400010104","ME","Kennebago River"
"010400010304","ME,NH","Little Magalloway River"
"010400010103","ME","Kennebago Lake"
"010700060403","NH","Big River"
"010700030602","NH","Deer Meadow Brook"
"010700060102","NH","Tannery Brook-Merrimack River"
"010700061205","MA,NH","Lower Beaver Brook"
"010700061201","MA,NH","Salmon Brook"
"010802010501","MA,NH,VT","Pauchaug Brook-Connecticut River"
"010700060901","MA,NH","Headwaters Souhegan River"
"010400010109","ME","Mooselookmeguntic Lake"
"010400010306","ME,NH","Abbott Brook-Magalloway River"
"010400010107","ME","Rangeley Lake"
"010400010402","NH","West Branch Dead Diamond"
"010400010401","NH","Middle Branch Dead Diamond River"
"010400010305","ME,NH","Aziscohos Lake"
"010802020202","MA,NH","Lawrence Brook"
"010700040402","MA,NH","Unkety Brook-Nashua River"
"010802010502","MA,VT","Fall River"
"010802020203","MA,NH","Tully River"
"010802020103","MA,NH","Tarbell Brook-Millers River"
"010700040401","MA,NH","Nissitissit River"
"010802020102","MA,NH","Priest Brook"
"010700061204","NH","Golden Brook"
"010700061001","NH","Pennichuck Brook"
"010700060902","NH","Blood Brook-Souhegan River"
"010801070507","NH,VT","Vernon Dam-Connecticut River"
"010700060202","NH","Soucook River"
"010802010302","NH","Martin Brook"
"010700061002","NH","Nesenkeag Brook-Merrimack River"
"010400020701","ME","West Branch Nezinscot River"
"010400020204","ME","Alder River"
"010400020606","ME","Hunton Brook-Androscoggin River"
"010400020604","ME","Pocasset Lake"
"010400020702","ME","East Branch Nezinscot River"
"010801060503","VT","Twentymile Stream-Black River"
"010801060402","NH","Sunapee Lake"
"010400020504","ME","Whitney Brook"
"010400020401","ME","Concord River"
"010700010804","NH","Sucker Brook-Pemigewasset River"
"010600030505","ME","Bog Brook-Little River"
"010400020305","ME","Howe Brook-Ellis River"
"010700030403","NH","Lane River"
"010600030402","ME","Leighs Mill Pond-Great Works River"
"010600030603","NH","Middle Cocheco River"
"010600030205","ME","Day Brook-Mousam River"
"010600030506","ME,NH","Middle Salmon Falls River"
"010801060702","NH,VT","Spencer Brook-Connecticut River"
"010801060406","NH","Quabbinnight Brook-Sugar River"
"010600030301","ME","Batson River-Frontal Goosefare Bay"
"010700030501","NH","Cascade Brook"
"010600030601","NH","Upper Cocheco River"
"010802010403","NH","Ashuelot River"
"010700061101","NH","Arlington Mill Reservoir"
"010700060906","NH","Souhegan River"
"010700060904","NH","Purgatory Brook-Souhegan River"
"010700030104","NH","Gridley River-Contoocook River"
"010700060804","NH","Little Cohas Brook-Merrimack River"
"010700061403","MA,NH","Powwow River"
"010700061203","NH","Upper Beaver Brook"
"010600021006","ME","Lake Arrowhead-Little Ossipee River"
"010700020101","NH","Wolfeboro Bay-Frontal Lake Winnipeasaukee"
"010700010602","NH","Bog Brook"
"010801060102","NH","Indian River"
"010700020105","NH","Lake Kanasatka-Lake Winnipesaukee"
"010600021102","ME","Bonny Eagle Pond-Saco River"
"010600020703","NH","Pine River"
"010600020702","NH","Dan Hole River-Beech River"
"010801040302","VT","Headwaters Ompompanoosuc River"
"010801040205","NH,VT","Lake Morey-Connecticut River"
"010400021007","ME","Androscoggin River-Merrymeeting Bay"
"010801050202","VT","Ayers Brook"
"010600020406","ME,NH","Lovewell Pond-Saco River"
"010400020904","ME","Stony Brook-Little Androscoggin River"
"010400020704","ME","Nezinscot River"
"010700061401","MA,NH","Little River"
"010801070506","NH,VT","Whetstone Brook"
"010802010303","NH","South Branch Ashuelot River"
"010802010401","NH","Wheelock Brook-Ashuelot River"
"010801070406","VT","West River"
"010801060504","VT","North Branch Black River"
"010600021103","ME","Stony Brook-Saco River"
"010700020201","NH","Winnisquam Lake"
"010801050401","VT","Headwaters First Branch White River"
"010400021005","ME","Newell Brook-Androscoggin River"
"010801050201","VT","Headwaters Third Branch White River"
"010400020909","ME","Marshall Pond-Bog Brook"
"010801030601","VT","Headwaters Wells River"
"010801030101","NH","Forest Lake-Bog Brook"
"010400020801","ME","Gulf Island Pond-Androscoggin River"
"010801030205","NH,VT","McIndoe Falls-Connecticut River"
"010801030403","NH","Baker Brook-Ammonoosuc River"
"010400020304","ME","Horseshoe Brook-Ellis River"
"010801020301","VT","Millers Run"
"010400020502","ME","Webb River"
"010600031003","NH","Taylor River"
"010801070503","NH","Partridge Brook"
"010600030805","NH","Exeter River-Squamscott River"
"010700060905","NH","Baboosic Brook"
"010600031105","ME","Appledore Island"
"010700030106","NH","Ferguson Brook-Contoocook River"
"010700060703","NH","Cohas Brook"
"010700030103","NH","Nubanusit Brook"
"010600021002","ME,NH","Rock Haven Lake-Little Ossipee River"
"010801060105","NH","Mascoma Lake-Mascoma River"
"010801060206","VT","Gulf Stream"
"010801040401","NH","Mink Brook"
"010801050503","VT","White River"
"010801020103","VT","Calendar Brook"
"010801020202","VT","Headwaters Moose River"
"010400010201","ME,NH","Swift Cambridge River"
"010400010202","ME","Dead Cambridge River"
"010801010602","NH","Bog Brook"
"010400010601","ME,NH","Mollidgewock Brook"
"010700020104","NH","Melvin River-Frontal Moultonborough Bay"
"010600020504","ME","Breakneck Brook-Saco River"
"010801060703","NH,VT","Jabes Hackett Brook-Connecticut River"
"010801060603","NH,VT","Williams River"
"010801070303","VT","Flood Brook-West River"
"010700060502","NH","Little Suncook River"
"010600030608","NH","Lower Cocheco River"
"010700060503","NH","Suncook River"
"100600030302","CN,MT","Silver Lake-Middle Fork Poplar RIver"
"010600020701","NH","Beech River"
"010700010603","NH","Newfound Lake-Newfound River"
"010600020803","NH","Danforth Ponds"
"010801050102","VT","West Branch White River"
"010801050203","VT","Third Branch White River"
"010600030803","NH","Spruce Swamp-Exeter River"
"010700060803","NH","Bowman Brook-Merrimack River"
"010802010301","NH","Ash Swamp Brook-Ashuelot River"
"010801070405","VT","Rock River"
"010700060606","NH","South Branch Piscataquog River"
"010801010603","NH,VT","Dennis Pond Brook-Connecticut River"
"010801020102","VT","East Branch Passumpsic River"
"010801020101","VT","Bean Brook"
"010801070203","NH","Cold River"
"010801070202","NH","Vilas Pool-Cold River"
"010700030302","NH","Amey Brook"
"010600030607","NH","Isinglass River"
"010700030107","NH","Moose Brook-Contoocook River"
"010600030802","NH","Watson Brook-Exeter River"
"010700060702","NH","Massabesic Lake"
"010600030901","NH","Winnicut River"
"010801070504","VT","Sacketts Brook"
"010600031002","NH","Berrys Brook-Frontal Rye Harbor"
"010600030806","NH","Squamscott River"
"010600031102","ME","Stevens Brook-Frontal Atlantic Ocean"
"010600030103","ME","Goochs Beach-Frontal Atlantic Ocean"
"010801040303","VT","West Branch Ompompanoosuc River"
"010801070401","VT","Wardsboro Brook"
"010600030604","NH","Bow Lake"
"010700030402","NH","Upper Warner River"
"010801060602","VT","Middle Branch Williams River"
"010801060505","VT","Black River"
"010600031101","ME","Branch Brook-Merriland River"
"010700060101","NH","Punch Brook-Merrimack River"
"010801060407","NH","Sugar River"
"010600020503","ME","Barker Pond"
"010600020502","ME","Tenmile River-Saco River"
"010600030401","ME","Bauneg Beg Pond-Great Works River"
"010801070403","VT","Grassy Brook"
"010700060605","NH","Middle Branch Piscataquog River"
"010600030703","NH","Pawtuckaway River-Lamprey River"
"010801070502","NH,VT","East Putney Brook-Connecticut River"
"010700060603","NH","Gorham Brook-Piscataquog River"
"010700060701","NH","Sucker Brook"
"010600030708","NH","Piscassic River"
"010600021106","ME","The Pool-Frontal Saco Bay"
"010600030204","ME","Estes Lake-Mousam River"
"010801060501","VT","Headwaters Black River"
"010801060401","NH","Sawyer Brook"
"010801070501","NH,VT","Great Brook-Connecticut River"
"010700060601","NH","Weare Reservoir-Piscataquog River"
"010600030501","NH","Headwaters Branch River"
"010700060607","NH","Piscataquog River"
"010600030504","ME,NH","Upper Salmon Falls River"
"010600030502","NH","Branch River"
"010700030502","NH","Frazier Brook-Blackwater River"
"010801060304","VT","Mill Brook"
"010801060303","NH","Blow-me-down Brook"
"010801060203","VT","Broad Brook"
"010600030201","ME","Mousam Lake"
"010700030108","NH","Great Brook-Contoocook River"
"010802010104","NH","Surry Mountain Dam-Ashuelot River"
"010700060802","NH","Browns Brook-Merrimack River"
"010600031104","ME","Sewards Point-Frontal Brave Boat Harbor"
"010700030202","NH","Franklin Pierce Lake"
"010600030904","NH","Great Bay"
"010801070306","VT","Ball Mountain Brook"
"010600030706","NH","North River"
"010600030709","NH","Lamprey River"
"010801070402","VT","Mill Brook-West River"
"010802010103","NH","Grassy Brook-Ashuelot River"
"010700060602","NH","Everett Lake-Piscataquog River"
"010700010802","NH","Salmon Brook"
"010600021104","ME","Swan Pond-Swan Pond Brook"
"010600030203","ME","Shaker Pond"
"010700010702","NH","Smith River"
"010600030503","ME,NH","Headwaters Salmon Falls River"
"010700020110","NH","Paugus Bay"
"010700020106","NH","The Broads-Lake Winnipeasaukee"
"010801060205","VT","Beaver Brook-Ottauquechee River"
"010600021003","ME","Henderson Brook"
"010700010701","NH","Headwaters Smith River"
"010801060302","NH,VT","Lulls Brook-Connecticut River"
"010600010206","ME","Lower Royal River"
"010600010602","ME","Great Pond-Frontal Casco Bay"
"010600030801","NH","Headwaters Exeter River"
"020200030102","NY,VT","Mill Brook-White Creek"
"020200030206","NY,VT","Steele Brook-Batten Kill"
"020200030704","NY,VT","Walloomsac River"
"020200030703","NY,VT","Little White Creek"
"020200030804","NY,VT","Browns Brook-Hoosic River"
"020200030901","NY,VT","White Creek"
"020200030201","VT","West Branch Batten Kill-Batten Kill"
"020200030701","VT","Roaring Branch Walloomsac Brook"
"020200030702","VT","South Stream-Walloomsac River"
"020200030202","VT","Warm Brook"
"020200061002","MA,NY","Bash Bish Brook"
"020200030601","MA","Headwaters Hoosic River"
"020200030803","NY,VT","Ladd Brook-Hoosic River"
"020200030602","MA,VT","North Branch Hoosic River"
"010802010102","NH","Abbott Brook-Ashuelot River"
"010801060106","NH","Mascoma River"
"010600021007","ME","Hamlin Brook-Little Ossipee River"
"010801040402","NH,VT","Bloody Brook-Connecticut River"
"010600030902","NH","Oyster River"
"010600030704","NH","Pawtuckaway Pond"
"010600031001","ME,NH","Piscataqua River-Frontal Portsmouth Harbor"
"010801070307","VT","Turkey Mountain Brook-West River"
"010801070102","NH,VT","Saxtons River"
"010600030206","ME","Parsons Beach-Frontal Atlantic Ocean"
"010801060405","NH","Long Pond Brook-Sugar River"
"010700010801","NH","Harper Brook-Pemigewasset River"
"010700020107","NH","Gunstock River-Frontal Sanders Bay"
"010801060202","VT","North Branch Ottauquechee River"
"010801060207","VT","Ottauquechee River"
"010600021001","ME,NH","Shapleigh Pond"
"010700020109","NH","Meredith Bay-Lake Winnipeasaukee"
"010801060201","VT","Headwaters Ottauquechee River"
"010600021005","ME","Brown Brook"
"010801060103","NH","Goose Pond Brook"
"010700010502","NH","Squam River"
"010600020902","ME,NH","South River"
"010801040304","VT","Ompompanoosuc River"
"010801060305","NH,VT","Hubbard Brook-Connecticut River"
"010600030202","ME","Number One Pond-Mousam River"
"010600030101","ME","Kennebunk Pond-Kennebunk River"
"010801050402","VT","First Branch White River"
"010600020405","ME,NH","Shepards River"
"010400021006","ME","Cathance River"
"010600020404","ME,NH","Old Course Saco River-Saco River"
"010400021002","ME","Sabattus River"
"010801030703","NH,VT","Clark Brook-Connecticut River"
"010801030702","NH,VT","Halls Brook"
"010801040101","VT","Tabor Branch"
"010400020505","ME","Worthley Pond-Androscoggin River"
"010400010603","ME,NH","Chickwolnepy Stream-Androscoggin Rvier"
"010801010901","VT","Cutler Mill Brook"
"010400020405","ME","Lower Swift River"
"010801010601","VT","Paul Stream"
"010400020301","ME","Ellis Pond"
"010400020302","ME","Black Brook"
"010400010105","ME","Cascade Stream"
"010400010404","NH","Swift Diamond River"
"010400010108","ME","Pepperpot Pond"
"010801050104","VT","Tweed River"
"010700010501","NH","Squam Lake"
"010801060101","NH","Canaan Street Lake-Mascoma River"
"010600020802","NH","Lovell River-Ossipee Lake"
"010400020402","ME","East Branch Swift River"
"010400010501","NH","Millsfield Pond Brook"
"010400010602","NH","Bog Brook-Androscoggin River"
"010801010704","NH","Phillips Brook"
"010400010203","ME,NH","Umbagog Lake"
"010400020403","ME","Upper Swift River"
"010801010405","NH,VT","Lyman Brook-Connecticut River"
"010600030701","NH","Headwaters Lamprey River"
"010600030705","NH","Bean River-North River"
"010801070101","VT","Headwaters Saxtons River"
"010600030707","NH","Little River"
"010600031103","ME","York River"
"010600020804","NH","Ossipee Lake-Ossipee River"
"010700010304","NH","South Branch Baker River"
"010600020605","NH","Lower Bearcamp River"
"010600020901","ME,NH","Loon Lake-Ossipee River"
"010600020905","ME","Little River-Ossipee River"
"010600021101","ME","Watchic Pond-Saco River"
"010801040203","NH","Clay Brook"
"010801040202","NH","Jacobs Brook"
"010600020801","NH","West Branch"
"020700110505","MD","Whites Neck Creek-Frontal Potomac RIver"
"020700110701","MD","Saint Clements Creek-Frontal Potomac RIver"
"010600030507","ME,NH","Lower Salmon Falls River"
"010600030903","NH","Bellamy River"
"010801070304","VT","Winhall River"
"010700030204","NH","Beard Brook"
"010600030605","NH","Nippo Brook-Isinglass River"
"010801040301","VT","Middle Brook"
"010600010106","ME","Lower Crooked River"
"010600010201","ME","Upper Royal River"
"010600010304","ME","Upper Presumpscot River"
"010600010306","ME","Lower Presumpscot River"
"010600031005","MA,NH","Hampton River-Frontal Atlantic Ocean"
"010600021004","ME","Pendexter Brook"
"010600030804","NH","Scamen Brook-Little River"
"010600030702","NH","North Branch River"
"010600030102","ME","Kennebunk River"
"010600021105","ME","Outlet Saco River"
"010200020202","ME","Brayley Brook-East Branch Penobscot River"
"010200020106","ME","Telos Lake"
"010200020201","ME","Third Lake-East Branch Penobscot River"
"010200020103","ME","Ellis Brook"
"010200020304","ME","Lunksoos Lake-East Branch Penobscot River"
"010200020507","ME","Outlet East Branch Penobscot River"
"010200030111","ME","Middle West Branch Mattawamkeag River"
"010200030507","ME","Meadow Brook"
"010200030508","ME","Little Meadow Brook-Meadow Brook"
"010200030606","ME","Macwahoc Stream"
"010200030701","ME","Silver Lake"
"010200040604","ME","Hardy Brook-Piscataquis River"
"010200050201","ME","Sebonibus Rapids-Penobscot River"
"010300030905","ME","Middle Sandy River"
"010300031004","ME","Lower Sandy River"
"010300031206","ME","Outlet Sandy River"
"010300031302","ME","Weston Dam-Kennebec River"
"010300031506","ME","Martin Stream-Craigin Brook"
"010300031601","ME","Lemon Stream-Black Stream"
"010300031604","ME","Center Pond-Main Stream Sebasticook River"
"010300031605","ME","Jimmy Brook-Main Stream Sebasticook River"
"010300032105","ME","Outlet Stream"
"010300032202","ME","Salmon Lake-Great Pond"
"010500021509","ME","Blue Hill Bay-Atlantic Ocean"
"010500021701","ME","Mill Pond-Frontal Eggemoggin Reach"
"010500021703","ME","Eggemoggin Reach-Jericho Bay"
"010500021803","ME","Passagassawakeag River-Frontal Penobscot Bay"
"010500021906","ME","Weskeag River-Frontal Muscle Ridge Channel"
"010500021907","ME","Goose Pond-Frontal Penobscot Bay"
"010500030106","ME","South Pond-Saint George River"
"010500030107","ME","Saint George River"
"010500030202","ME","Goose River-Frontal Muscongus Bay"
"010500030204","ME","Round Pond-Frontal Muscongus Bay"
"010500020701","ME","Holmes Stream-Frontal Machias Bay"
"010500020802","ME","Indian River-Frontal Western Bay"
"010500020803","ME","Roque Bluffs-Frontal Atlantic Ocean"
"010500020604","ME","Outlet Machias River"
"010500020804","ME","Great Wass Island-Roque Island"
"010500020805","ME","Western Bay-Englishman Bay"
"010500020905","ME","Mill River-Frontal Pleasant Bay"
"010500021006","ME","Bobby Creek-Frontal Narraguagus Bay"
"010500021103","ME","Whitten Parritt Stream-Frontal Gouldsboro Bay"
"010500021106","ME","East Steuben Pond-Frontal Dyer Bay"
"010500021109","ME","Petit Manan Point-Frontal Atlantic Ocean"
"010500021111","ME","Prospect Harbor-Pigeon Hill Bay"
"010500021402","ME","Mill Brook-Frontal Taunton Bay"
"010500021403","ME","Taunton Bay"
"010500021502","ME","Jordan Pond-Frontal Eastern Way"
"010500021407","ME","Northeast Creek-Frontal Frenchman Bay"
"010500021408","ME","Waukeag Neck-Frontal Frenchman Bay"
"010500021501","ME","Somes Pond-Frontal Somes Sound"
"010500021503","ME","Seal Cove Pond-Frontal Atlantic Ocean"
"010500021507","ME","Blue Hill Neck-Fontal Blue Hill Bay"
"010500030504","ME","The Black Rocks-Atlantic Ocean"
"010500030606","ME","Stage Island Bay-Atlantic Ocean"
"010500030503","ME","Sheepscot River-Frontal Sheepscot Bay"
"010500030304","ME","Damariscotta River-Frontal Atlantic Ocean"
"010500030305","ME","Meadow Brook-Frontal Boothbay Harbor"
"010500030401","ME","Sheepscot Pond-Sheepscot River"
"010500030603","ME","Merrymeeting Bay-Kennebec River"
"010500030604","ME","Morse River-Frontal Atlantic Ocean"
"010500030605","ME","Seguin Island"
"010500040601","ME","Rocky Lake"
"010500040606","ME","Cobscook Bay-Frontal Passamaquoddy Bay"
"010500040902","ME","Wiggins Brook-Frontal Grand Manan Channel"
"010500020104","ME","Round Lake-East Machias River"
"010500020202","ME","Rocky Lake-Rocky Lake Stream"
"010500020203","ME","Hadley Lake-East Machias River"
"010500020502","ME","Bog Lake-New Stream"
"010500020503","ME","Old Stream"
"010200010704","ME","Nahmakanta Stream"
"010200010904","ME","Middle West Branch Penobscot River"
"010200010907","ME","Lower West Branch Penobscot River"
"010200011007","ME","Outlet West Branch Penobscot River"
"010200010703","ME","Nahmakanta Lake"
"010100020201","ME","Thoroughfare Brook"
"010100020402","ME","Priestly Lake-Drake Brook"
"010100020403","ME","Upper Allagash River"
"010100030203","ME","Portage Lake-Fish River"
"010100030102","ME","Clayton Lake-Fish River"
"010100030104","ME","North Pond Brook-Chase Brook"
"010100030105","ME","Fish River Lake-Fish River"
"010100030207","ME","Saint Froid Lake-Fish River"
"010100030310","ME","Eagle Lake-Fish River"
"010200050202","ME","Stump Pond-Cambolasse Stream"
"010200050205","ME","Mattanawcook Pond"
"010200050307","ME","Middle Passadumkeag River"
"010200050804","ME","Middle Souadabscook Stream"
"010300020202","ME","Saddleback Lake-South Branch Dead River"
"010300020204","ME","South Branch Dead River"
"010200050408","ME","Stevens Brook-Penobscot River"
"010200050906","ME","South Branch Marsh River"
"010200051009","ME","Penobscot River-Frontal Penobscot Bay"
"010200020404","ME","Hay Lake"
"010200030605","ME","Lower Macwahoc Lake-Macwahoc Stream"
"010300020302","ME","Upper Flagstaff Lake"
"010300020303","ME","Middle Flagstaff Lake"
"010300020304","ME","Lower Flagstaff Lake"
"010300020402","ME","West Branch Spencer Stream-Spencer Stream"
"010300020502","ME","Upper Dead River"
"010300020506","ME","Lower Dead River"
"010300030106","ME","Wyman Lake-Kennebec River"
"010300030303","ME","Martin Stream-Mill Stream"
"010300030502","ME","Tufts Pond-Alder Stream"
"010300030601","ME","Porter Lake-Lemon Stream"
"010300030902","ME","Headwaters Sandy River"
"010300030904","ME","Upper Sandy River"
"010802030101","VT","Headwaters Deerfield River"
"020200030203","VT","Lye Brook-Batten Kill"
"010802030103","VT","North Branch Deerfield River"
"010802030104","VT","West Branch Deerfield River"
"010500030307","ME","Johns Bay-Boothbay Harbor"
"010500021908","ME","Islands of Penobscot Bay"
"010500021909","ME","Penobscot Bay-Atlantic Ocean"
"010500030303","ME","Johns River-Frontal Johns Bay"
"010200020301","ME","Bowlin Brook"
"010200020407","ME","Shin Brook"
"010200020408","ME","Lower Seboeis River"
"010200030106","ME","Cold Brook"
"010200030511","ME","Middle Mattawamkeag River"
"010100070204","ME","Priestly Brook-Saint John River"
"010100070409","CN,ME","Trout River-Big Black River"
"010100080102","ME","Wyles Brook-Saint John River"
"010100070408","CN,ME","Riviere Gobeil"
"010100070304","CN,ME","Lower Depot Stream"
"010100070410","CN,ME","Charles Pond-Big Black River"
"010100071001","ME","Fox Brook"
"010100071003","ME","Walker Brook-Saint John River"
"010100070804","CN,ME","Pocwock Stream"
"010100081202","CN,ME","Patrick Brook-Saint John River"
"010100070803","ME","East Branch Pocwock Stream"
"010100070802","CN,ME","West Branch Pocwock Stream"
"010100070702","CN,ME","East Lake"
"010100080103","ME","Petite Brook-Saint John River"
"010100070905","CN,ME","Campbell Branch"
"010100070906","ME","Rocky Brook"
"010100070205","ME","Sweeney Brook-Saint John River"
"010100080407","ME","Yankeetuladi Brook"
"010100070902","CN,ME","Upper Little Black River"
"010100080408","ME","Falls Brook"
"010100070907","ME","Middle Little Black River"
"010100070908","ME","Lower Little Black River"
"010100080504","CN,ME","Hunnewell Island-Saint John River"
"010100070904","CN,ME","West Branch Little Black River"
"010100080409","CN,ME","Saint Francis River"
"010100070901","CN,ME","Beaver Branch"
"010100080405","CN,ME","Jones Brook"
"010100080505","CN,ME","Vasseur Stream-Saint John River"
"010100080401","CN,ME","Wildcat Brook"
"010100080403","ME","Dead Brook"
"010100081201","CN,ME","Caron Brook"
"010100080406","CN,ME","Beau Lake-Saint Francis River"
"010100080404","CN,ME","Ruisseau des Sources-Saint Francis River"
"010100081203","CN,ME","Gagnon Brook-Saint John River"
"010100080206","CN,ME","Pohenegamook Lake-Saint Francis River"
"010100020301","ME","Ross Inlet"
"010100020302","ME","Fool Brook"
"010100020303","ME","Chemquasabamticook Lake"
"010100020304","ME","Clayton Lake"
"010100020708","ME","Farm Brook"
"010100020702","ME","Whittaker Brook"
"010100020703","ME","Schedule Brook"
"010100020706","ME","Ben Glazier Brook"
"010100020306","ME","Holmes Brook"
"010100020307","ME","Cunliffe Brook"
"010100020601","ME","Conners Brook"
"010100020602","ME","Big Brook"
"010100020701","ME","Harding Brook"
"010100020710","ME","West Twin Brook"
"010100020711","ME","Lower Allagash River"
"010100030204","ME","Rocky Brook"
"010100030205","ME","Red River"
"010100030206","ME","Birch River"
"010100030302","ME","Long Lake"
"010100030304","ME","Dickey Brook"
"010100030401","ME","Wallagrass Stream"
"010200020102","ME","West Branch Allagash Stream-Allagash Lake"
"010100060203","ME","Upper Little Southwest Branch Saint John River"
"010200010101","ME","Abacotnetic Stream"
"010100030402","ME","Perley Brook"
"010100030403","ME","Outlet Fish River"
"010200010102","ME","Rainey Brook"
"010200010103","ME","Norris Brook"
"010200010106","ME","North Branch Penobscot River"
"010200010208","ME","Gulliver Brook"
"010200010209","ME","Nulhedus Stream"
"010200010301","ME","Elm Stream"
"010200010302","ME","Russell Stream"
"010200010401","ME","Loon Lake"
"010200010403","ME","Wadleigh Stream-Ciss Stream"
"010200010404","ME","Caucomgomoc Lake"
"010100060204","ME","Lower Little Southwest Branch Saint John River"
"010100060205","CN,ME","Doucet Stream-Southwest Branch Saint John River"
"010100060207","ME","Doucie Brook"
"010100060206","CN,ME","Dead Brook-Southwest Branch Saint John River"
"010100060208","ME","Knowles Brook"
"010100060309","CN,ME","Lower Daaquam River"
"010100070101","ME","Ledge Rapids-Saint John River"
"010100060409","ME","Northwest Branch Saint John River"
"010100070103","ME","Mary L Pond-Saint John River"
"010100060407","CN,ME","Riviere a la Loutre"
"010100070102","ME","Burntland Brook"
"010100060408","CN,ME","Lac Frontiere-Northwest Branch Saint John River"
"010100070506","ME","Shields Branch"
"010100070202","ME","Sixmile Brook-Saint John River"
"010100070505","CN,ME","Saint Roch Riviere-Shields Branch"
"010100070301","ME","Upper Depot Stream"
"010100070503","CN,ME","Riviere des Gagnon"
"010100070603","ME","Big Black River"
"010100070201","ME","Ninemile Brook"
"010100060405","CN,ME","Riviere Leverrier"
"010100070302","CN,ME","Glazier Brook"
"010100070303","CN,ME","Middle Depot Stream"
"010100070203","ME","White Brook-Saint John River"
"010100070305","ME","Outlet Depot Stream"
"010100070601","CN,ME","Fivemile Brook"
"010100070801","ME","Schoolhouse Rapids-Saint John River"
"010100070602","CN,ME","Twomile Brook"
"010100071002","ME","Brown Brook"
"010100070504","CN,ME","Little Saint Roch River"
"010100070805","ME","Ouellette Brook-Saint John River"
"010100070703","CN,ME","Chimenticook Stream"
"010100080101","ME","Pelletier Brook"
"010100041405","CN,ME","East Branch Limestone Stream"
"010100041302","ME","Upper Little Madawaska River"
"010100041306","ME","Middle Little Madawaska River"
"010100110104","CN,ME","Mud Brook-Bull Creek"
"010100090807","CN,ME","Coombes Brook-Saint John River"
"010100050305","ME","Captain Ambrose Bear Stream"
"010100040102","ME","Millinocket Lake"
"010100090801","CN,ME","Thibodeau Brook-Saint John River"
"010500010809","ME","Elliot Mountain-St. Croix River"
"010500010804","ME","Stony Brook-St. Croix River"
"010500010707","CN,ME","King Brook-St. Croix River"
"010500010708","CN,ME","Enoch Brook-St. Croix River"
"010500010802","CN,ME","Woodland Flowage-St. Croix River"
"010500010806","CN,ME","Magurrewock Stream-St. Croix River"
"010500010810","CN,ME","Flowed Lands Ponds-Outlet St. Croix River"
"010500040701","CN,ME","Islands of Passamaquoddy Bay"
"010500040702","CN,ME","Passamaquoddy Bay"
"010802050201","CT,MA","Upper Scantic River"
"010802050104","CT","Stony Brook"
"010802050801","CT","Blackledge River"
"010802050503","CT","Salmon Brook"
"010802050805","CT","Dickinson Creek-Salmon River"
"020301010303","CT,NY","Cross River"
"020301010203","CT,NY","Middle East Branch Croton River"
"020301010204","CT,NY","Lower East Branch Croton River"
"010802070601","CT","Nod Brook-Farmington River"
"010100040103","ME","Millimagassett Stream"
"010100050307","CN,ME","Cook Brook-Meduxnekeag River"
"010100050202","ME","Lower South Brook"
"010500010102","CN,ME","East Grand Lake"
"010500010702","CN,ME","Trout Brook-St. Croix River"
"010500010705","CN,ME","Simsquish Brook-St. Croix River"
"010100040201","ME","Chase Lake"
"010100040505","ME","Blackwater River"
"010100040306","ME","Mooseleuk Stream"
"010100100202","ME","Rideout Brook-Prestile Stream"
"010100041003","ME","Horse Brook-Aroostook River"
"010100041102","ME","East Branch Presque Isle Stream"
"010100100207","CN,ME","Big Presque Isle Stream"
"010100040304","ME","Smith Brook"
"010100040603","ME","Farm Camp Brook-Aroostook River"
"010100100201","ME","Lake Christina-Prestile Stream"
"010100040701","ME","Rocky Brook"
"010100040805","ME","Greenlaw Stream"
"010100040702","ME","Pratt Lake Stream"
"010100041106","ME","North Branch Presque Isle Stream"
"010100041005","ME","Little Machias River"
"010100041006","ME","Alder Brook-Aroostook River"
"010100040703","ME","Big Machias Lake"
"010100040305","ME","Chandler Stream"
"010100040602","ME","Hayden Brook"
"010100100204","ME","Three Brooks"
"010100040604","ME","Otter Brook"
"010100041101","ME","West Branch Presque Isle Stream"
"010100100206","CN,ME","Young Brook-Prestile Stream"
"010100040606","ME","Shields Brook-Aroostook River"
"010100040801","ME","South Branch Machias River"
"010100041103","ME","Burnt Land Brook"
"010100040303","ME","Mooseleuk Lake"
"010100040302","ME","Chase Brook"
"010100040804","ME","Carry Brook"
"010100100203","ME","Rocky Brook"
"010100040301","ME","Bartlett Brook-Spring Brook"
"010100041104","ME","Shields Brook-Presque Isle Stream"
"010100100103","CN,ME","Upper Guisiguit Brook "
"010100040803","ME","McConnell Brook"
"010100040806","ME","Lower Machias River"
"010100041002","ME","Clayton Brook-Scopan Stream"
"010100041001","ME","Scopan Lake"
"010100041105","ME","Alder Brook-Grendell Brook"
"010100100101","CN,ME","River de Chute"
"010100040802","ME","Upper Machias River"
"010100041107","ME","Arnold Brook-Presque Isle Stream"
"010100040903","ME","Burpee Brook"
"010100041004","ME","Little Machias Lake"
"010100041404","CN,ME","Pattee Brook"
"010100041202","ME","Pettingill Brook-Aroostook River"
"010100041408","CN,ME","McDonald Brook-Aroostook River"
"010100041007","ME","Gardner Brook-Aroostook River"
"010100041203","ME","Prestilel Brook-Aroostook River"
"010100050103","ME","South Branch Meduxnekeag River"
"010100040901","ME","West Branch Beaver Brook"
"010100041407","CN,ME","Lower Limestone Stream"
"010100040902","ME","East Branch Beaver Brook"
"010100040904","ME","Bugbee Brook-Beaver Brook"
"010100041403","ME","Hockenhull Brook-Aroostook River"
"010100041201","ME","Salmon Brook"
"010100041402","ME","Hardwood Brook-Otter Brook"
"010100041401","ME","Caribou Stream"
"010100041307","ME","Lower Little Madawaska River"
"010100041305","ME","Black Brook"
"010100041406","CN,ME","Upper Limestone Stream"
"010100090809","CN,ME","Rapide de Femme Stream-Saint John River"
"010100041304","ME","Halfway Brook"
"010100041301","ME","Madawaska Lake"
"010100090806","ME","Hammond Brook"
"010100041303","ME","Armstrong Brook"
"010100090805","CN,ME","Septiemel Island-Saint John River"
"010100050302","ME","Mill Brook"
"010100090808","CN,ME","Martin Brook-Saint John River"
"010100090804","CN,ME","Violette Stream"
"010100090802","CN,ME","La Grande Island-Saint John River"
"010100050306","ME","Big Brook"
"010100050308","CN,ME","Britton Lake-Meduxnekeag River"
"010100050301","ME","Meduxnekeag Lake"
"010100050303","ME","Nickerson Lake-Meduxnekeag River"
"010100040101","ME","Chandler Brook"
"010100050206","CN,ME","Carters Brook-North Branch Meduxnekeag River"
"010100040501","ME","Tracy Brook"
"010100050205","ME","Hoyt Brook-North Branch Meduxnekeag River"
"010100040104","ME","Millinocket Stream"
"010100040506","ME","Mack Brook-Saint Croix Stream"
"010100050304","ME","Moose Brook"
"010100040601","ME","La Pomkeag Lake-La Pomkeag Stream"
"010100050204","CN,ME","Dead Stream"
"010100050201","ME","Upper South Brook"
"010100040503","ME","Howe Brook"
"010100040401","ME","West Branch Umcolcus Stream"
"010100040402","ME","Umcolcus Stream"
"010100040504","ME","Beaver Brook"
"010100040203","ME","Munsungan Stream"
"010100040202","ME","Little Munsungan Lake"
"010100050203","ME","Dunn Brook-North Branch Meduxnekeag River"
"010100040605","ME","Trout Brook"
"010100100205","CN,ME","Whitney Brook"
"010100040507","ME","Cranberry Brook-Saint Croix Stream"
"010100050102","ME","Davis Brook"
"010100050101","ME","Meduxnekeag Stream"
"010500010207","CN,ME","Spednic Lake"
"010500010101","CN,ME","Monument Brook-North Lake"
"010100040502","ME","Saint Croix Lake"
"010900040609","RI","Pawtuxet River"
"010900040906","RI","Upper West Passage"
"010900040905","MA,RI","Mount Hope Bay"
"010900040701","MA,RI","Palmer River"
"010900040804","MA","Taunton River-Frontal Mount Hope Bay"
"010900040401","MA,RI","Ten Mile River"
"010900040101","MA","Satucket River"
"010900040202","MA","Assawompset Pond"
"010900040702","MA,RI","Barrington River-Warren River"
"010900040102","MA","Matfield River"
"010900040301","MA","Wading River"
"010200010204","ME","Little Penobscot Brook-South Branch Penobscot River"
"010300010102","CN,ME","South Branch Moose River"
"010300010204","ME","Little Gulf Stream-Moose River"
"010300010302","CN,ME","West Branch Sandy Stream"
"010300010303","ME","Wood Pond"
"010300020102","ME","Chain of Ponds"
"010300010304","ME","Heald Stream"
"010400010303","CN,ME,NH","Parmachenee Lake"
"010801010502","VT","East Branch Nulhegan River"
"010801010301","NH","Bishop Brook"
"010801010305","CN,NH,VT","Willard Stream-Connecticut River"
"010801010203","NH,VT","Favreau Brook-Connecticut River"
"010801010104","NH","Lake Francis-Connecticut River"
"010801010102","NH","First Connecticut Lake-Connecticut River"
"010400010101","ME","Cupsuptic River"
"010801010303","CN,NH,VT","Halls Stream"
"010801010103","NH","Perry Stream"
"010801010101","ME,NH","Second Connecticut Lake-Connecticut River"
"010801010201","CN,NH","Middle Branch Indian Stream"
"010400010102","ME","Little Kennebago Lake-Kennebago River"
"010100060107","ME","Saint Francis Brook"
"010200010104","CN,ME","Dole Pond"
"010200010105","CN,ME","Dole Brook"
"010200010201","CN,ME","Threemile Brook-South Branch Penobscot River"
"010200010202","CN,ME","Penobscot Lake"
"010200010203","ME","Penobscot Brook"
"010300010202","ME","Gulf Stream"
"010300020403","ME","Kibby Stream"
"010300010101","CN,ME","Number One Brook"
"010300020101","CN,ME","Horseshoe Stream"
"010801010304","CN,VT","Leach Creek"
"010801010202","NH","Indian Stream"
"010400010302","CN,ME,NH","West Branch Magalloway River"
"010400010301","CN,ME","Second East Branch Magalloway River"
"010100060201","CN,ME","Little Saint John Lake-Southwest Branch St. John River"
"010100060101","ME","Fourth Saint John Pond"
"010100060102","ME","Fifth Saint John Pond"
"010100060103","ME","Sweeney Brook"
"010100060105","ME","Baker Lake"
"010100060202","CN,ME","South Morning Stream-Southwest Branch Saint John River"
"010100060104","ME","Campbell Brook-Baker Branch Saint John River"
"010100060110","ME","010100060110-Baker Branch Saint John River"
"010100060108","ME","Turner Brook"
"010100060106","ME","Desolation Brook"
"010100060109","ME","Brailey Brook"
"010100060111","ME","Baker Branch Saint John River"
"010100060209","ME","Southwest Branch Saint John River"
"043001050302","VT","North Branch LaMoille River"
"043001050303","VT","Brewster River-Lamoille River"
"043001050304","VT","Seymour River-Lamoille River"
"043001090303","CN,VT","South River"
"043002020704","CN,VT","Tomifobia River"
"043100010508","CN,ME","Metgermette River"
"043100010301","CN,ME","Barrage River"
"043002021404","CN,VT","Lake Memphremagog"
"043001030602","VT","Headwaters Little River"
"043001030603","VT","Little River"
"043001030604","VT","Joiner Brook-Winooski River"
"043001010203","NY,VT","Wells Brook-Mettawee River"
"043001010204","NY,VT","Indian River"
"043001010205","NY,VT","Mettawee River"
"043001070103","VT","Mineral Spring Brook-Missisquoi River"
"043002020605","CN,NH","Clifton River"
"043002020606","CN,NH","Headwaters Eaton River"
"043002020403","CN,NH","Ditton River"
"043100010501","CN,ME","Headwaters Wolf River"
"043100010504","CN,ME","Portage River"
"043100010502","CN,ME","Monument River"
"043002021201","VT","Headwaters Black River"
"043002020602","CN,NH","Headwaters North Eaton River"
"043002020402","CN,ME,NH","Headwaters Salmon River"
"043100010102","CN,ME","Clinton River"
"043100010103","CN,ME","Arnold River"
"043002021101","VT","Headwaters Barton River"
"043100010104","CN,ME","Spider Lake"
"043100010101","CN,ME","Spider River"
"043100010505","CN,ME","Middle Wolf River"
"043002021202","VT","Lamphean Brook-Black River"
"043002021203","VT","Lords Creek"
"043002021102","VT","Willoughby Brook-Barton River"
"043002021103","VT","Willoughby River"
"043100010206","CN,ME","Nebnellis River"
"043002021104","VT","Barton River"
"043100010506","CN,ME","Wilson River"
"043002021204","VT","Stony Brook-Black River"
"043100010507","CN,ME","North Metgermette River"
"043002021302","VT","Seymour Lake"
"043002021301","VT","Headwaters Clyde River"
"043100010205","CN,ME","Kokomis River"
"043002021303","VT","Clyde River"
"043002020801","CN,VT","Averill Creek"
"043002020701","CN,VT","Headwaters Tomifobia River"
"043002020802","CN,VT","Headwaters Coaticook River"
"043002020702","CN,VT","Headwaters Niger River"
"043100010302","CN,ME","Headwaters Samson River"
"043001050201","VT","Headwaters Browns River"
"043001050105","VT","Green River"
"043001050106","VT","Ryder Brook-Lamoille River"
"043001050107","VT","Kenfield Brook-Lamoille River"
"043001050202","VT","Browns River"
"043001050301","VT","Gihon River"
"043001050305","VT","Stones Brook-Lamoille River"
"043001050306","VT","Lamoille River"
"043001010201","VT","Headwaters Mettawee River"
"043001010202","VT","Flower Brook"
"043001010301","VT","Headwaters Poultney River"
"043001010302","NY,VT","Finel Hollow Brook-Poultney River"
"043001010303","VT","Headwaters Castleton River"
"043001010304","NY,VT","Castleton River"
"043001070206","CN,VT","Leavit Brook-Missisquoi River"
"043001030403","VT","Great Brook-Winooski River"
"043001030302","VT","North Branch Winooski River"
"043001030401","VT","Headwaters Dog River"
"043001030402","VT","Dog River"
"043001030501","VT","Headwaters Mad River"
"043001030502","VT","Mill Brook-Mad River"
"043001080104","NY,VT","Charter Brook-Lake Champlain"
"043001080301","VT","East Creek"
"043001080304","NY,VT","McKenzie Brook-Lake Champlain"
"043001090302","CN,NY,VT","Little River-Richelieu River "
"043001080402","VT","Outlet Little Otter Creek"
"043001080401","VT","Headwaters Little Otter Creek"
"043001080602","NY,VT","Hoisington Brook-Lake Champlain"
"043001080502","VT","Outlet Lewis Creek"
"043001080501","VT","Headwaters Lewis Creek"
"043001080801","VT","La Platte River"
"043001080802","VT","Munroe Brook-Shelburne Bay"
"043001080902","VT","Malletts Bay"
"043001070401","VT","Tyler Branch"
"043001070102","VT","Snider Brook-Missisquoi River"
"043001070403","VT","Goodsell Brook-Missisquoi River"
"043001081604","CN,NY,VT","Lake Champlain"
"043001070601","VT","McGowan Brook-Missisquoi River"
"043001030701","VT","Huntington River"
"043001030503","VT","Shepard Brook"
"043001030504","VT","Mad River"
"043001030601","VT","Graves Brook-Winooski River"
"043001030702","VT","Snipe Island Brook-Winooski River"
"043001030703","VT","Muddy Brook"
"043001030704","VT","Winooski River"
"043001050101","VT","Headwaters Lamoille River"
"043001050102","VT","Hardwick Lake Dam-Lamoille River"
"043001050103","VT","Wild Branch"
"043001050104","VT","Elmore Branch-Lamoille River"
"043001070301","VT","Headwaters Trout River"
"043001081203","CN,VT","Mud Creek"
"043001070402","VT","Enosburg Falls-Missisquoi River"
"043001070302","VT","Outlet Trout River"
"043001020402","VT","Lower Lemon Fair River"
"043001020501","VT","Dead Creek"
"043001020502","VT","Otter Creek"
"043001070104","VT","Jay Branch"
"043001081101","CN,VT","Rock River"
"043001030103","VT","Stevens Branch"
"043001030201","VT","Headwaters Winooski River"
"043001030202","VT","Nasmith Brook-Winooski River"
"043001030203","VT","Kingsbury Branch"
"043001070107","CN,VT","Beetle Brook-Missisquoi River"
"043001081001","CN,VT","Heawaters Pike River"
"043001070210","CN,VT","Lucas Brook-Missisquoi River"
"043001081005","CN,VT","Groat Creek"
"043001070106","CN,VT","Mud Creek"
"043001081102","CN,VT","Carman Brook-Missisquoi Bay"
"043001070209","CN,VT","Outlet Sutton River"
"043001010306","VT","Hubbardton River"
"043001010307","NY,VT","Poultney River-Head of Lake Champlain"
"043001020101","VT","Headwaters Otter Creek"
"043001010305","NY,VT","Mud Brook-Poultney River"
"043001020102","VT","Big Branch"
"043001020103","VT","Homer Stone Brook-Otter Creek"
"043001020104","VT","Headwaters Mill Creek"
"043001020105","VT","Mill Creek"
"043001020106","VT","Cold River"
"043001020107","VT","East Creek"
"043001020108","VT","Clarendon River"
"043001020109","VT","Moon Brook-Otter Creek"
"043001020201","VT","Headwaters New Haven River"
"043001020202","VT","Baldwin Creek"
"043001020203","VT","New Haven River"
"043001020301","VT","Furnace Brook"
"043001020302","VT","Bresee Mill Brook-Otter Creek"
"043001020306","VT","Middlebury River"
"043001020303","VT","Neshobe River"
"043001020304","VT","Willow Brook-Otter Creek"
"043001020305","VT","Leicester River"
"043001020307","VT","Pleasant Brook-Otter Creek"
"043001020401","VT","Upper Lemon Fair River"
"043001030101","VT","Headwaters Stevens Branch"
"043001030102","VT","Jail Branch"
"043001030204","VT","Sodom Pond Brook-Winooski River"
"043001030301","VT","Headwaters North Branch Winooski River"
"043001081202","VT","Mill River"
"043001080901","VT","Malletts Creek"
"043001070502","VT","Fairfield River"
"043001081201","VT","Jewett Brook"
"043001070501","VT","Headwaters Black Creek"
"043001070503","VT","Dead Creek"
"043001070101","VT","Headwater Missisquoi River"
"043001070504","VT","Black Creek"
"043001070602","VT","Hungerford Brook"
"043001081204","VT","Saint Albans Bay-Lake Champlain"
"043001070603","VT","Outlet Missisquoi River"
"010500021213","ME","Beech Hill Pond"
"010900011002","MA","Annisquam River-Gloucester Harbor"
"010900010302","MA","Jones River-Annisquam River"
"190201010808","AK","190201010808-Copper RIver"
"010802050502","CT","Stoughton Brook-Connecticut River"
"010802050904","CT","Falls River"
"010802070602","CT","Mill Brook-Farmington River"
"010802050105","CT,MA","Freshwater Brook-Connecticut River"
"010600010502","ME","Goosefare Brook-Frontal Saco Bay"
"011000040201","CT","Menunketesuck River"
"011000040207","CT","Patchogue River-Frontal Westbrook Harbor"
"010600010507","ME","Saco Bay-Atlantic Ocean"
"020200030801","MA,NY","Headwaters Little Hoosic River"
"020200030802","NY,VT","Little Hoosic River"
"020200030605","MA,NY,VT","Hemlock Brook-Hoosic River"
"010900060104","RI","Point Judith Harbor of Refuge-Block Island Sound"
"010900060202","RI","Rhode Island Sound-Block Island Sound"
"010900041000","RI","Sachuest Bay-Rhode Island Sound"
"011000050105","MA","Goose Pond Brook-Housatonic River"
"020301020101","CT,NY","Kensico Reservoir"
"020301010301","CT,NY","Titicus River"
"110400020404","CO,OK","North Picket Horse Draw-Cimarron RIver"
"010500021107","ME","Islands of Dyer Bay"
"010500040203","CN,ME","James Brook-Frontal Passamaquoddy Bay"
"010500040802","CN,ME","Bay of Fundy"
"010500010307","ME","West Grand Lake"
"010500020402","ME","Crooked River"
"010500020403","ME","Pembroke Stream-Machias River"
"010500020501","ME","First Chain Lake"
"010500020601","ME","Mopang Lake-Mopang Stream"
"010200050301","ME","Number Three Pond-West Branch Passadumkeag River"
"010500020908","ME","Pleasant Bay-Atlantic Ocean"
"010500021210","ME","Webb Pond"
"010500021304","ME","Union River Bay"
"010500021401","ME","Donnell Pond-Card Mill Stream"
"010500021102","ME","Tunk Stream"
"010500021104","ME","Islands of Gouldsboro Bay"
"010500020204","ME","Gardner Lake"
"010500020205","ME","East Machias River"
"010500020301","ME","Fifth Machias Lake-Fourth Machias Lake"
"010500020302","ME","Third Machias Lake-First Machias Lake"
"010500020401","ME","West Branch Machias River"
"010500020901","ME","Pleasant River Lake"
"010500020902","ME","Upper Pleasant River"
"010500020903","ME","Western Little River"
"010500020904","ME","Lower Pleasant River"
"010500020602","ME","Peaked Mountain Pond-Machias River"
"010500020603","ME","Middle River"
"010500020702","ME","Islands of Machias Bay"
"010500020801","ME","Chandler River"
"010500020906","ME","Harrington River"
"010500020907","ME","Islands of Pleasant Bay"
"010500021001","ME","Beddington Lake"
"010500021002","ME","Schoodic Brook"
"010500021003","ME","Spring River"
"010500021004","ME","West Branch Narraguagus River"
"010500021005","ME","Narraguagus River"
"010500021007","ME","Islands of Narraguagus Bay"
"010500021101","ME","Tunk Lake"
"010500021105","ME","Gouldsboro Bay"
"010500021108","ME","Dyer Bay"
"010500021110","ME","Islands of Schoodic Point-Petit-Manan Point Frontal Drainages"
"010500021201","ME","Brandy Pond"
"010500021202","ME","Buffalo Stream"
"010500021203","ME","Great Pond"
"010500021204","ME","Upper West Branch Union River"
"010500021205","ME","Lower West Branch Union River"
"010500021206","ME","Lower Lead Mountain Pond"
"010500021207","ME","Spectacle Pond"
"010500021208","ME","Middle Branch Union River"
"010500021209","ME","East Branch Union River"
"010500021211","ME","Dumb Brook"
"010500021212","ME","Tannery Brook"
"010500021215","ME","Green Lake"
"010500021216","ME","Graham Lake"
"010500021301","ME","Branch Lake"
"010500021302","ME","Union River"
"010500021303","ME","Patten Stream"
"010500010304","ME","Chain Stream"
"010500010301","ME","Pleasant Lake"
"010500010302","ME","Scraggly Lake"
"010500010305","ME","Sysladobsis Lake"
"010500010306","ME","Pocumcus Lake"
"010500010401","ME","East Musquash Lake"
"010500010402","ME","East Branch Big Musquash Stream"
"010500010403","ME","West Branch Big Musquash Stream"
"010500010404","ME","Flipper Creek-Big Musquash Stream"
"010500010501","ME","Headwaters Tomah Stream"
"010500010502","ME","Little Tomah Stream"
"010500010503","ME","Upper Tomah Stream"
"010500010504","ME","Jim Brown Brook"
"010500010505","ME","Middle Tomah Stream"
"010500010506","ME","Lower Tomah Stream"
"010500010604","ME","Big Lake"
"010500010601","ME","Little Musquash Stream"
"010500010602","ME","Little River"
"010500010603","ME","Clifford Stream"
"010500010605","ME","Huntley Brook"
"010500010606","ME","Grand Falls Flowage"
"010500010701","ME","Scott Brook"
"010500010706","ME","Millberry Brook"
"010500010801","ME","Wapsaconhagan Brook"
"010500020101","ME","Pocomoonshine Lake"
"010500020102","ME","Crawford Lake"
"010500020103","ME","Seavey Stream"
"010500020201","ME","Barrows Lake-Northern Stream"
"010300010605","ME","Baker Stream"
"010300010601","ME","Churchill Stream-Round Pond"
"010300010602","ME","Indian Stream"
"010300020104","ME","Alder Stream"
"010300010609","ME","Cold Stream"
"010300010610","ME","Dead Stream-Kennebec River"
"010300030105","ME","Houston Brook"
"010300030201","ME","Austin Pond-Austin Stream"
"010300030202","ME","South Branch Austin Stream"
"010300030203","ME","Austin Stream"
"010300031202","ME","Muddy Brook"
"010300031102","ME","Little Norridgewock Stream"
"010300031103","ME","Wilson Stream"
"010300031201","ME","McGurdy Stream"
"010300031204","ME","Lemon Stream"
"010300031205","ME","Pelton Brook"
"010300031401","ME","West Branch Wesserunsett Stream"
"010300031402","ME","East Branch Wesserunsett Stream"
"010300020504","ME","Enchanted Stream"
"010300020501","ME","Black Brook"
"010300020503","ME","Stony Brook"
"010300020505","ME","Salmon Stream"
"010300030101","ME","Kelly Brook-Kennebec River"
"010300030104","ME","Carrying Place Stream"
"010300030304","ME","Michael Stream-Kennebec River"
"010300030401","ME","South Branch Carrabassett River"
"010300030501","ME","Rapid Stream"
"010300030503","ME","West Branch Carrabassett River"
"010300030701","ME","Upper Sandy Stream"
"010300030702","ME","Lower Sandy Stream"
"010300030703","ME","Gilman Stream"
"010300030801","ME","Big Brook"
"010300030903","ME","Orbeton Stream"
"010300030804","ME","Lower Carrabassett River"
"010300030901","ME","South Branch Sandy River"
"010300031002","ME","Barker Stream"
"010300031001","ME","Valley Brook"
"010300031503","ME","Black Stream"
"010300031405","ME","Wesserunsett Stream"
"010300031502","ME","Sibley Pond"
"010300031504","ME","Oak Stream"
"010300031507","ME","Holland Brook-Kennebec River"
"010300031602","ME","Higgins Stream"
"010300031904","ME","Middle Sebasticook River"
"010300031902","ME","Martin Stream"
"010300031903","ME","East Branch Sebasticook River"
"010300032002","ME","Unity Pond"
"010300032003","ME","Halfmoon Stream"
"010300032005","ME","Twentyfive Mile Stream"
"010300032101","ME","Fifteen Mile Stream"
"010300032102","ME","Twelve Mile Brook"
"010300032103","ME","Pattee Pond-Pattee Pond Brook"
"010200050306","ME","Madagascal Pond-Madagascal Stream"
"010300032309","ME","Lower Cobbosseecontee Stream"
"010300032205","ME","Messalonskee Stream"
"010300032307","ME","Cold Stream"
"010300032308","ME","Upper Cobbosseecontee Stream"
"010200050309","ME","Lower Lord Brook"
"010200050310","ME","Cold Stream Pond-Cold Stream"
"010200050311","ME","Lower Passadumkeag River"
"010200050401","ME","Pollard Brook-Penobscot River"
"010200050402","ME","Olamon Stream"
"010200050406","ME","Birch Stream"
"010200050407","ME","Lower Sunkhaze Stream"
"010200050501","ME","Upper Birch Stream"
"010300032405","ME","Bond Brook"
"010300032401","ME","Goff Brook"
"010300032402","ME","Threemile Pond"
"010300032404","ME","Riggs Branch-Kennebec River"
"010300032406","ME","Togus Pond"
"010300032409","ME","Swan Island-Kennebec River"
"010200050302","ME","Taylor Brook"
"010200050303","ME","Upper Passadumkeag River"
"010200050304","ME","Lower Pistol Lake-Pistol Stream"
"010200050305","ME","Nicatous Lake"
"010200050308","ME","Eskutassis Pond-Eskutassis Stream"
"010200050403","ME","Hoyt Brook"
"010200050404","ME","Hemlock Stream"
"010200050405","ME","Upper Sunkhaze Stream"
"010200050502","ME","Lower Birch Stream"
"010200050503","ME","West Branch Dead Stream"
"010200050704","ME","Upper Black Stream"
"010200050508","ME","Lower Dead Stream"
"010200050504","ME","Upper Dead Stream"
"010200050505","ME","Little Pushaw Pond-Bear Brook"
"010200050506","ME","Upper Pushaw Stream"
"010200050507","ME","Pushaw Lake"
"010200050509","ME","Lower Pushaw Stream"
"010200050510","ME","Stillwater River"
"010200050601","ME","Great Works Stream"
"010200050602","ME","Chemo Pond-Blackman Stream"
"010200050603","ME","Marsh Island-Penobscot River"
"010200050701","ME","French Stream"
"010200050702","ME","Crooked Brook"
"010200050703","ME","Upper Kenduskeag Stream"
"010200050705","ME","Lower Black Stream "
"010200050706","ME","Middle Kenduskeag Stream"
"010200050707","ME","Lower Kenduskeag Stream"
"010200050903","ME","Middle Marsh Stream"
"010200050904","ME","Lower Marsh Stream"
"010200050801","ME","Upper Souadabscook Stream"
"010200050802","ME","Tracy Brook"
"010200050803","ME","West Branch Souadabscook Stream"
"010200050805","ME","Lower Souadabscook Stream"
"010200050901","ME","Upper Marsh Stream"
"010200050902","ME","North Branch Marsh Stream"
"010200050905","ME","Halfmoon Pond-Colson Stream"
"010200051001","ME","Eaton Brook"
"010200051002","ME","Sedgeunkedunk Stream"
"010200051003","ME","Felts Brook-Penobscot River"
"010200051004","ME","Long Pond"
"010200051005","ME","Toddy Pond"
"010200051006","ME","Alamoosook Lake"
"010200051007","ME","Cove Brook-Penobscot River"
"010200051008","ME","Orland River"
"010300010201","ME","Bog Brook"
"010300010205","ME","Barret Brook"
"010300010206","ME","Number Five Bog-Moose River"
"010300010301","ME","Attean Pond"
"010300010305","ME","Upper Churchill Stream"
"010300010307","ME","Parlin Pond"
"010300010308","ME","Parlin Stream"
"010300010309","ME","Long Pond"
"010300010310","ME","Stony Brook-Moose River"
"010300010401","ME","South Branch Brassua Stream"
"010300010402","ME","North Branch Brassua Stream"
"010300010503","ME","Tomhegan Stream"
"010300010403","ME","Misery Stream"
"010300010501","ME","Carry Brook"
"010300010502","ME","Socatean Stream"
"010300010507","ME","Roach River"
"010300010604","ME","Chase Stream"
"010300010606","ME","Big Sandy Stream"
"010300010608","ME","Black Brook"
"010300020103","ME","Gold Brook-North Branch Dead River"
"010300020105","ME","Jim Pond Brook"
"010300020106","ME","North Branch Dead River"
"010300020201","ME","Redington Stream"
"010300020203","ME","Nash Stream"
"010300020401","ME","Baker Stream"
"020200030101","NY,VT","West Branch Black Creek"
"020200030204","NY,VT","Camden Creek"
"020200030205","NY,VT","Green River-Batten Kill"
"010500021214","ME","Mountainy Pond"
"020200060606","MA,NY","Stony Kill"
"010700030303","NH","Hopkinton Lake"
"010700060401","NH","Crystal Lake"
"010700030504","NH","Blackwater River"
"010700020202","NH","Tioga River"
"010700020203","NH","Winnipesaukee River"
"010600020904","ME,NH","Great Brook-Ossipee River"
"010700030601","NH","Hardy Spring Brook-Contoocook River"
"010700030603","NH","Contoocook River"
"010600020903","ME,NH","Mill Brook"
"170102110302","MT","Van Lake-Swan RIver"
"010900010901","MA","Monatiquot River"
"011000050604","CT,NY","Great Brook-Housatonic River"
"011000050503","CT,NY","Outlet Webatuck Creek"
"011000050801","CT,NY","Headwaters Still River"
"011000010502","CT,RI","Quaduck Brook"
"011000010601","CT,RI","Upper Pachaug River"
"010300032306","ME","Woodbury Pond"
"010300032403","ME","Webber Pond-Sevenmile Brook"
"010300032407","ME","Togus Stream"
"010300032408","ME","Eastern River"
"011000050201","MA,NY","Williams River"
"011000050202","MA,NY","Green River"
"011000050101","MA","West Branch Housatonic River"
"011000050104","MA","Sackett Brook-Housatonic River"
"010600010103","ME","Bear River"
"010600010107","ME","Panther Run"
"010600010104","ME","Willett Brook"
"010600010105","ME","Brandy Pond"
"010600010108","ME","Muddy River"
"010600010109","ME","Peabody Pond-Northwest River"
"010600010110","ME","Sebago Lake"
"010600010202","ME","Crystal Lake-Collyer Brook"
"010600010203","ME","East Branch Chandler Brook"
"010600010204","ME","Chandler Brook"
"010600010205","ME","Cousins River"
"010600010301","ME","Little Sebago Lake-Pleasant River"
"010600010302","ME","Little River"
"010600010303","ME","East Branch Piscataqua River"
"010100020105","ME","Woodman Brook-Eagle Lake"
"010100020204","ME","Churchill Lake"
"010100030305","ME","Daigle Brook"
"010600010402","ME","Fore River"
"010600010305","ME","Piscataqua River"
"010600010401","ME","Stroudwater River"
"010600010501","ME","Spurwink River"
"010600010503","ME","Nonesuch River"
"010600010504","ME","Mill Brook"
"010600010505","ME","Scarborough River"
"010600010601","ME","New Meadows River"
"010600010603","ME","Harraseeket River"
"011000070102","CT,RI","Lower Wood River"
"011000070301","CT,RI","Ashaway River"
"010900030102","MA","Tatnuck Brook-Blackstone River"
"010900030105","MA","Singletary Brook-Blackstone River"
"010300030103","ME","Pleasant Pond Stream"
"010300020405","ME","Little Spencer Stream"
"010300020406","ME","Spencer Stream"
"010300030102","ME","Pierce Pond Stream"
"010300030301","ME","Jackson Brook-Kennebec River"
"010300030302","ME","Fall Brook"
"010300030402","ME","Upper Carrabassett River"
"010300030602","ME","Middle Carrabassett River"
"010300030802","ME","Embden Pond"
"011000010703","CT","Broad Brook"
"011000010203","CT,MA","Middle French River"
"010900040201","MA","Winnetuxet River-Taunton River"
"010900030207","MA,RI","Abbott Run"
"010900040203","MA","Nemasket River"
"010900040103","MA","Town River"
"010900040204","MA","Cotley River-Taunton River"
"010900040302","MA","Threemile River"
"010900040801","MA","Mill River"
"010900030205","MA,RI","Mill River"
"010900030206","MA,RI","Emerson Brook-Blackstone River"
"011000010301","CT,MA,RI","Upper Fivemile River"
"010700050101","MA","Headwaters Sudbury River"
"010700050202","MA","North Brook-Assabet River"
"010700050203","MA","Fort Pond Brook"
"010802050506","CT","Reservoir Brook-Connecticut River"
"011000010302","CT,RI","Lower Fivemile River"
"011000010501","CT,RI","Upper Moosup River"
"011000010102","MA","Headwaters Quinebaug River"
"010802050303","CT","Piper Brook-Park River"
"010900040502","RI","Woonasquatucket River"
"010900030203","RI","Chepachet River"
"010900040501","RI","Moshassuck River"
"010900040601","RI","Big River"
"011000010602","CT","Lower Pachaug River"
"011000010402","CT","Mashamoquet River"
"011000010702","CT","Mill Brook"
"010900040604","RI","Moswansicut Pond-Huntinghouse Brook"
"010900040606","RI","Scituate Reservoir"
"010900040901","RI","Seekonk River-Providence River"
"010900040904","RI","Hunt River"
"010900040907","RI","Upper East Passage"
"010802050302","CT","North Branch Park River"
"010700050204","MA","Elizabeth Brook-Assabet River"
"010700050206","MA","Mill Brook-Concord River"
"010802050202","CT","Broad Brook"
"010802050203","CT","Lower Scantic River"
"010802050401","CT","Upper Hockanum River"
"010802050402","CT","Lower Hockanum River"
"010802050501","CT","Podunk River"
"010802050504","CT","Roaring Brook"
"010802050505","CT","Goff Brook-Connecticut River"
"011000020101","CT","Edson Brook"
"011000020104","CT","Roaring Brook"
"011000020105","CT","Skungamaug River"
"011000020107","CT","Tenmile River"
"011000020108","CT","Nelson Brook-Willimantic River"
"011000020202","CT","Still River"
"011000070202","RI","Usquepaug River"
"011000020303","CT","Beaver Brook-Shetucket River"
"011000020205","CT","Mount Hope River"
"011000070203","RI","Beaver River"
"011000020206","CT","Sawmill Brook-Natchaug River"
"011000030103","CT","Pease Brook-Yantic River"
"011000030202","CT","Stony Brook"
"011000030203","CT","Thames River-Frontal New London Harbor"
"011000030302","CT","Poquonock River-Frontal Fishers Island Sound"
"010300010203","ME","Holeb Pond"
"010300010306","ME","Churchill Stream"
"010300010404","ME","Brassua Lake-Moose River"
"010802050804","CT","Moodus River"
"010802050702","CT","Mill Creek-Connecticut River"
"010802050803","CT","Pine Brook"
"010802050901","CT","Deep River-Connecticut River"
"020302030000","CT,NY,RI","Long Island Sound"
"010802070103","CT","Still River"
"010802070402","CT","Cherry Brook-Farmington River"
"010802070405","CT","Roaring Brook-Farmington River"
"010802050102","CT,MA","Pecousic Brook-Connecticut River"
"011000030102","CT","Susquetonscut Brook"
"011000020302","CT","Little River"
"010300010504","ME","Spencer Pond"
"010300010506","ME","First Roach Pond"
"010802070301","CT,MA","Hubbard River"
"010802060304","CT,MA","Great Brook"
"010802070102","CT,MA","Sandy Brook"
"010802070204","CT,MA","Lower West Branch Farmington River"
"010802070502","CT,MA","Salmon Brook"
"010802030202","MA","Cold River"
"010802030501","MA","South River"
"010802030502","MA","Bear River-Deerfield River"
"011000030306","CT","Pattagansett River-Frontal Long Island Sound"
"011000040102","CT","Tenmile River"
"011000040105","CT","Outlet Quinnipiac River"
"010300010508","ME","Lily Bay Brook"
"011000040203","CT","East River-Frontal Guilford Harbor"
"010300010607","ME","Moxie Stream"
"011000040204","CT","West River-Frontal Guilford Harbor"
"011000040205","CT","Branford River"
"011000040208","CT","Indian River-Frontal Long Island Sound"
"011000040302","CT","West River"
"011000040303","CT","Milford Harbor-Frontal Long Island Sound"
"011000050304","CT","Hollenbeck River"
"011000050603","CT","West Aspetuck River"
"011000050702","CT","Bantam River"
"010300010509","ME","South Brook"
"010300010510","ME","Moosehead Lake"
"010300010603","ME","Indian Pond"
"010300020301","ME","Stratton Brook"
"010300020404","ME","Fish Pond"
"010700050103","MA","Lake Cochituate-Sudbury River"
"010802040106","MA","Quabbin Reservoir-Swift River"
"010802040103","MA","East Branch Fever Brook"
"010802040104","MA","Quabbin Reservoir-East Branch Swift River"
"010802040105","MA","Jabish Brook"
"010802040201","MA","West Branch Ware River"
"010802040203","MA","Burnshirt River"
"010802040204","MA","Prince River"
"010300031301","ME","Getchell Brook-Kennebec River"
"010300031403","ME","Wesserunsett Lake"
"010300031404","ME","Cold Brook"
"010300031501","ME","Eaton Ridge-Kennebec River"
"010300031505","ME","Carrabassett Stream"
"010700050104","MA","Hop Brook-Sudbury River"
"011000050902","CT","Weekeepeemee River"
"011000050802","CT","Limekiln Brook-Still River"
"011000051001","CT","Pootatuck River"
"011000051002","CT","Eightmile Brook"
"011000051101","CT","West Branch Naugatuck River"
"011000051104","CT","Branch Brook"
"011000051105","CT","Northfield Brook-Naugatuck River"
"011000051202","CT","Steele Brook"
"011000051203","CT","Mad River"
"010300030803","ME","Mill Stream"
"010300031003","ME","Temple Stream"
"010802040206","MA","Muddy Brook"
"010802040207","MA","Danforth Brook-Ware River"
"010802040401","MA","Headwaters Chicopee River"
"010802040402","MA","Outlet Chicopee River"
"010802050101","MA","Mill River"
"010700050201","MA","Headwaters Assabet River"
"010802060101","MA","Mill Brook-Westfield River"
"010802060105","MA","Little River-Westfield River"
"010802060202","MA","Lower West Branch Westfield River"
"010802060302","MA","Cobble Mountain Reservoir"
"010802060303","MA","Little River"
"010802060201","MA","Upper West Branch Westfield River"
"010300032004","ME","Sandy Stream"
"010300032104","ME","China Lake"
"010900030103","MA","Quinsigamond River"
"010300032106","ME","Lower Sebasticook River"
"010300032201","ME","East Pond-North Pond"
"010300032203","ME","Long Pond"
"010300032204","ME","Messalonskee Lake"
"010300032301","ME","Maranacook Lake"
"010300032302","ME","Wilson Pond"
"010300032303","ME","Annabessacook Lake"
"010300032304","ME","Jock Stream"
"011000051301","CT","Farmill River"
"011000051205","CT","Long Meadow Pond Brook-Naugatuck River"
"010300032305","ME","Cobbosseecontee Lake"
"011000051206","CT","Little River"
"011000060102","CT","Headwaters Saugatuck River"
"011000060103","CT","Outlet Saugatuck River-Frontal Long Island Sound"
"011000060202","CT","Norwalk River-Frontal Norwalk Harbor"
"011000060301","CT","Pequonnock River-Frontal Long Island Sound"
"011000060303","CT","Rooster River-Frontal Long Island Sound"
"011000010103","CT,MA","McKinstry Brook-Quinebaug River"
"011000010105","CT,MA","Shunway Brook-Quinebaug River"
"010300031101","ME","Wilson Stream-Wilson Pond"
"010300031203","ME","Bog Stream"
"010300031603","ME","Ferguson Stream"
"010300031606","ME","Great Moose Lake"
"010300031701","ME","Indian Stream"
"010300031702","ME","Upper Sebasticook River"
"010300031801","ME","Lake Wassookeag"
"010300031802","ME","Corundel Lake"
"010300031803","ME","Alder Stream"
"010300031804","ME","Mulligan Stream"
"010802070203","MA","Clam River"
"010802030105","MA,VT","Sherman Dam-Deerfield River"
"010802030201","MA,VT","Pelham Brook-Deerfield River"
"011000020102","CT,MA","Middle River"
"011000010204","CT,MA","Lower French River"
"011000020203","CT,MA","Bigelow Brook"
"011000050301","CT,MA","Konkapot River"
"011000050302","CT,MA","Whiting River"
"011000050305","CT,MA,NY","Salmon Creek"
"011000050401","CT,NY","Macedonia Brook"
"011000050402","CT,NY","Furnace Brook-Housatonic River"
"011000050502","CT,NY","Mudge Pond Brook"
"010300032001","ME","Carlton Pond"
"010300031805","ME","Stetson Stream"
"010300031806","ME","Sebasticook Lake"
"010300031901","ME","Plymouth Pond"
"010500030206","ME","Muscongus Bay-Atlantic Ocean"
"010600010605","ME","Casco Bay-Atlantic Ocean"
"010600030303","ME","Goosefare Bay-Atlantic Ocean"
"010600031106","ME,NH","York Harbor-Atlantic Ocean"
"010600030104","ME","Oaks Reef-Atlantic Ocean"
"010600030207","ME","Libbys Point-Atlantic Ocean"
"010600031004","ME,NH","Rye Harbor-Atlantic Ocean"
"010200030204","ME","Beaver Brook"
"010200030205","ME","Lower East Branch Mattawamkeag River"
"010200030301","ME","Scagrock Brook"
"010200030504","ME","Smith Brook"
"010200030505","ME","Hawkins Brook"
"010200030506","ME","Finn Brook"
"010200030509","ME","Mud Brook"
"010200030510","ME","Crossuntic Stream"
"010200030601","ME","West Branch Molunkus Stream"
"010200030602","ME","East Branch Molunkus Stream"
"010200030603","ME","Upper Molunkus Stream"
"010200030604","ME","Molunkus Lake"
"010200030607","ME","Lower Molunkus Stream"
"010200030702","ME","East Branch Mattakeunk Stream"
"010200030703","ME","Mattakeunk Stream"
"010200030704","ME","Lower Mattawamkeag River"
"010500030103","ME","Sennebec Pond"
"010500030104","ME","Seven Tree Pond"
"010500030105","ME","Oyster River"
"010500030201","ME","Medomak Pond"
"010500030203","ME","Medomak River"
"010500030205","ME","Islands of Muscongus Bay"
"010500030301","ME","Pemaquid River"
"010500030302","ME","Damariscotta Lake"
"010500030306","ME","Islands of Johns Bay-Islands of Boothbay Harbor"
"010500030402","ME","West Branch Sheepscot River"
"010500030404","ME","Dyer River"
"010500030405","ME","Marsh River"
"010500030406","ME","Sheepscot River"
"010500030501","ME","Montsweag Brook"
"010500030502","ME","Cross River"
"010500030403","ME","Clary Lake-Sheepscot River"
"010500040903","ME","Islands of Grand Manan Channel"
"010200011003","ME","Big Mud Brook"
"010200011005","ME","Millinocket Stream"
"010200011006","ME","Schoodic Stream"
"010200020101","ME","East Branch Allagash Stream"
"010200030303","ME","Upper Mattawamkeag River"
"010500030601","ME","Abagadasset River"
"010500030602","ME","Nequasset Lake-Nequasset Brook"
"010500040204","ME","Boyden Stream"
"010500040403","ME","Cathance Stream"
"010500040401","ME","Meddybemps Lake"
"010500040402","ME","Lake Cathance"
"010500040404","ME","Dennys River"
"010500040501","ME","Pennamaquan Lake"
"010500040502","ME","Pennamaquan River"
"010500040602","ME","Orange River"
"010500040603","ME","East Stream"
"010500040604","ME","Hobart Stream"
"010500040605","ME","Wilson Stream"
"010500040901","ME","Schooner Brook-Frontal Grand Manan Channel"
"010600010506","ME","Islands of Saco Bay"
"010600010604","ME","Islands of Casco Bay"
"010500021404","ME","Flanders Pond-Flanders Stream"
"010500021405","ME","Skillings River"
"010500021409","ME","Islands of Frenchman Bay"
"010500021406","ME","Jordan River"
"010500021410","ME","Frenchman Bay-Atlantic Ocean"
"010500021504","ME","McHeard Brook"
"010500021508","ME","Islands of Blue Hill-Mount Desert Frontal Drainages"
"010500021505","ME","Mill Stream-Blue Hill"
"010500021506","ME","Carleton Stream-First Pond"
"010500021601","ME","Upper Bagaduce River"
"010500021602","ME","Lower Bagaduce River"
"010500021802","ME","Swan Lake-Goose River"
"010500021702","ME","Islands of Stonington Frontal Drainages"
"010500021801","ME","Passagassawakeag River"
"010500021901","ME","Mill Brook"
"010500021902","ME","Belfast Reservoir Number One-Little River"
"010500021903","ME","Ducktrap River"
"010500021904","ME","Megunticook River"
"010500021905","ME","Hosmer Pond-Goose River"
"010500030101","ME","Trues Pond"
"010500030102","ME","Quantabacook Lake"
"011000040301","CT","Mill River"
"011000040304","CT","Cove River-Frontal Long Island Sound"
"011000050602","CT","East Aspetuck River"
"011000050703","CT","Outlet Shepaug River"
"010100020101","ME","Smith Brook"
"010100020102","ME","Russell Brook"
"010100020103","ME","Soper Brook"
"010100020104","ME","Snare Brook"
"010100020202","ME","North Twin Brook"
"010100020203","ME","Pleasant Stream"
"010100020305","ME","Priestly Brook"
"010100020308","ME","Chemquasabamticook Stream"
"010100020401","ME","Harrow Lake-Harrow Brook"
"010100020404","ME","Glazier Brook"
"010100020405","ME","Shepherd Brook"
"010100020406","ME","Grey Brook-Long Lake"
"010100020501","ME","Third Musquacook Lake"
"010100020705","ME","Five Finger Brook"
"010100020707","ME","Ramsay Brook"
"010100020709","ME","McKeen Brook"
"010200010501","ME","Black Pond"
"010100020505","ME","Musquacook Stream"
"010100020502","ME","First Musquacook Lake"
"010100020503","ME","Little Musquacook Stream"
"010100020504","ME","Robbins Brook"
"010100020704","ME","Middle Allagash River"
"010100030201","ME","Chase Brook"
"010100030101","ME","Fox Brook"
"010100030103","ME","Smith Brook"
"010100030202","ME","Mosquito Brook"
"020200030604","MA,NY","Green River"
"020200060601","MA,NY","West Brook-Kinderhook Creek"
"020200060603","MA,NY","Wyomanock Creek"
"010200010206","ME","Alder Brook"
"010200010205","ME","Hale Brook"
"010200010207","ME","Canada Falls Lake"
"010200010210","ME","Seeboomook Lake"
"010200010303","ME","Kidney Brook"
"010200010304","ME","Maxfield Brook"
"010200010305","ME","Lobster Lake-Lobster Stream"
"010200010306","ME","Ragmuff Stream"
"010200010307","ME","Pine Stream"
"010200010308","ME","Upper West Branch Penobscot River"
"010900040802","MA","Assonet River"
"010802030301","MA,VT","East Branch North River"
"010900040803","MA,RI","Quequechan River"
"010802030302","MA,VT","Taylor Brook-North River"
"010802030402","MA,VT","Lower Green River"
"010200010402","ME","Big Scott Brook"
"010200010502","ME","Umbazookus Lake"
"010200010503","ME","Cuxabexis Lake"
"010200010504","ME","Red Brook"
"010200010505","ME","Ragged Lake"
"010200010506","ME","Ragged Stream"
"010200010507","ME","Harrington Lake"
"010200010508","ME","Ripogenus Stream"
"010200010509","ME","Chesuncook Lake"
"010200010702","ME","Pollywog Pond"
"010200010601","ME","Nesowadnehunk Lake"
"010200010602","ME","Nesowadnehunk Stream"
"010200010701","ME","Rainbow Lake"
"010200010801","ME","Upper Jo-Mary Lake"
"010200010803","ME","Cooper Pond"
"010200010804","ME","Mud Pond"
"010200010805","ME","Jo-Mary Lake"
"010200010901","ME","Katahdin Stream"
"010200010902","ME","Abol Stream"
"010200010903","ME","First Debsconeag Lake"
"010200010905","ME","Pemadumcook Lake"
"010200010906","ME","Nollesemic Lake"
"010200011001","ME","Lower Togue Pond"
"010200011002","ME","Sandy Stream"
"010200011004","ME","Millinocket Lake"
"010200020104","ME","Mud Pond"
"010200020105","ME","Chamberlain Lake"
"010200020107","ME","Webster Lake"
"010200020108","ME","Webster Brook"
"010200030302","ME","Battle Brook"
"010200030401","ME","Baskahegan Lake"
"010200030402","ME","Crooked Brook Flowage"
"010200030403","ME","Lower Hot Brook Lake"
"010200030404","ME","Baskahegan Stream"
"010200030501","ME","Wytopitlock Lake"
"010200030502","ME","Wytopitlock Stream"
"010200020204","ME","Trout Brook"
"010200020302","ME","Haskell Deadwater-East Branch Penobscot River"
"010200020303","ME","Big Spring Brook"
"010200020401","ME","Grand Lake Seboeis"
"010200020402","ME","Hay Brook"
"010200020403","ME","Scraggly Brook"
"010200020405","ME","Sawtelle Brook"
"010200020406","ME","Upper Seboeis River"
"010200020501","ME","Katahdin Brook"
"010200020502","ME","Wassataquoik Stream"
"010200020503","ME","Soldier Brook"
"010200020504","ME","Swift Brook"
"010200020505","ME","Mud Brook"
"010200020205","ME","Grand Lake Matagamon"
"010200020203","ME","Lower South Branch Pond"
"010200030101","ME","Rockabema Lake"
"010200020506","ME","Meadow Brook"
"010200030102","ME","West Hastings Brook"
"010200030103","ME","East Hastings Brook"
"010200030104","ME","Alder Brook"
"010200030105","ME","Crystal Lake-Crystal Brook"
"010200030107","ME","Fish Stream"
"010200030108","ME","Caribou Lake-Sly Brook"
"010200030109","ME","Upper West Branch Mattawamkeag River"
"010200030110","ME","Dyer Brook"
"010200030112","ME","Babcock Brook"
"010200030113","ME","Lower West Branch Mattawamkeag River"
"010200030201","ME","Upper East Branch Mattawamkeag River"
"010200030202","ME","Middle East Branch Mattawamkeag River"
"010200040201","ME","Manhanock Pond"
"010200040202","ME","Black Stream"
"010200040203","ME","Salmon Stream-Piscataquis River"
"010200040204","ME","Alder Stream"
"010200040205","ME","Meadow Brook-Piscataquis River"
"010200040301","ME","Lower Wilson Pond"
"010200030203","ME","Pleasant Lake"
"010200040104","ME","Shirley Pond"
"010200040101","ME","West Shirley Bog"
"010200040102","ME","Bald Mountain Pond"
"010200040103","ME","West Branch Piscataquis River"
"010200040105","ME","East Branch Piscataquis River"
"010200040106","ME","Brown Brook"
"010200040107","ME","Thorn Brook"
"010200040108","ME","Kingsbury Pond"
"010200040109","ME","Carlton Stream"
"010200040110","ME","Kingsbury Stream"
"010200040111","ME","Blackstone Brook-Piscataquis River"
"010802030205","MA","Mill Brook-Deerfield River"
"010100030301","ME","McLean Brook"
"010200040305","ME","Davis Brook"
"010200040302","ME","Upper Big Wilson Stream"
"010200040303","ME","Little Wilson Stream"
"010200040304","ME","Monson Stream"
"010200040306","ME","Lower Big Wilson Stream"
"010200040307","ME","Lake Onawa"
"010200040308","ME","First Buttermilk Pond"
"010200040309","ME","Ship Pond Stream"
"010200040310","ME","Bear Brook"
"010200040311","ME","Sebec Lake"
"010200040312","ME","Sebec River"
"010200040401","ME","Upper West Branch Pleasant River"
"010200040402","ME","Middle West Branch Pleasant River"
"010200040403","ME","Silver Lake"
"010200040404","ME","Houston Brook"
"010200040405","ME","Lower West Branch Pleasant River"
"010200040406","ME","B Pond"
"010200040407","ME","Upper East Branch Pleasant River"
"010200040408","ME","Middle Branch Pleasant River"
"010200040410","ME","Pleasant River"
"010200040501","ME","Seboeis Lake"
"010200040502","ME","East Branch Seboeis Stream"
"010200040503","ME","West Branch Seboeis Stream"
"010802040205","MA","Winimusset Brook-Ware River"
"010802040303","MA","Upper Quaboag River"
"010200040409","ME","Lower East Branch Pleasant River"
"010200040504","ME","Seboeis Stream"
"010200040601","ME","Alder Brook-Piscataquis River"
"010200040602","ME","Schoodic Lake-Schoodic Stream"
"010200040603","ME","Scutaze Stream"
"010200050101","ME","Salmon Stream Lake"
"010200050102","ME","Salmon Stream"
"010200050103","ME","Mattaseunk Stream"
"010200050104","ME","Pattagumpus Stream-Penobscot River"
"010802040304","MA","Mill Brook"
"010200050206","ME","Upper Mattamiscontis Stream"
"010200050207","ME","Lower Mattamiscontis Stream"
"010200050208","ME","Pollack Brook-Penobscot River"
"010200050203","ME","Ebhorse Stream"
"010200050204","ME","Medunkeunk Stream"
"010802060102","MA","Swift River"
"010802030204","MA","Clesson Brook"
"010100030306","ME","Cross Lake"
"010100030307","ME","Little Goddard Brook"
"010100030308","ME","Goddard Brook"
"010100030309","ME","Square Lake"
"010100030303","ME","Mud Lake"
"011000010701","CT","Blackwell Brook"
"011000010704","CT","Cory Brook-Quinebaug River"
"011000020106","CT","Hop River"
"011000020204","CT","Fenton River"
"011000020301","CT","Merrick Brook"
"011000030201","CT","Poquetanuck Brook"
"011000030301","CT","Mystic River"
"011000030304","CT","Niantic River"
"011000030305","CT","Fenger Brook-Frontal Long Island Sound"
"071100090301","IL","Girder Branch-East Fork Wood RIver"
"010900040911","RI","Aquidneck Island-Frontal Atlantic Ocean"
"010900040908","RI","Lower West Passage"
"010900040910","RI","Sakonnet River"
"010900040912","RI","Pettaquamscutt River-Frontal Atlantic Ocean"
"010900060201","RI","Block Island"
"010500041000","CN,ME","Bay of Fundy-Atlantic Ocean"
"010500040904","ME","Grand Manan Channel-Atlantic Ocean"
"010500020703","ME","Machias Bay-Atlantic Ocean"
"010500021008","ME","Narraguagus Bay-Atlantic Ocean"
"010801070301","VT","Headwaters West River"
"010801030204","NH,VT","Stevens River"
"010801010501","VT","Headwaters Nulhegan River"
