"","huc8","states","name"
"1","04080204","MI","Flint"
"2","04090003","MI","Clinton"
"3","04030106","MI,WI","Brule"
"4","18100204","CA,MX","Salton Sea"
"5","04020102","MI,WI","Ontonagon"
"6","04020104","MI","Sturgeon"
"7","04030107","MI","Michigamme"
"8","04020105","MI","Dead-Kelsey"
"9","18070303","CA","San Luis Rey-Escondido"
"10","18070304","CA,MX","San Diego"
"11","04160004","CN","Jackpine River-Frontal Lake Superior"
"12","04160002","CN","Black Sturgeon River-Frontal Lake Superior"
"13","04170004","CN","Magpie River-Frontal Lake Superior"
"14","04020201","MI","Betsy-Chocolay"
"15","08010300","MO","Town of Madrid-Saint Johns Bayou"
"16","12020003","TX","Lower Neches"
"17","18020162","CA","Upper Putah"
"18","18050001","CA","Suisun Bay"
"19","15030102","CA,NV","Piute Wash"
"20","18100100","CA","Southern Mojave"
"21","18030003","CA","Middle Kern-Upper Tehachapi-Grapevine"
"22","18060003","CA","Carrizo Plain"
"23","18060007","CA","Cuyama"
"24","18070102","CA","Santa Clara"
"25","18090206","CA","Antelope-Fremont Valleys"
"26","18020002","CA","Upper Pit"
"27","18080002","CA,NV","Madeline Plains"
"28","13100000","MX","Rio Conchos"
"29","13110000","MX","Rio Salado"
"30","13120000","MX","Rio San Juan"
"31","13040212","MX,TX","Amistad Reservoir"
"32","13080001","MX,TX","Elm-Sycamore"
"33","19010402","AK,CN","Bering Glacier"
"34","19010405","AK,CN","Yakutat Bay-Gulf of Alaska"
"35","19020203","AK","Prince William Sound"
"36","19020201","AK","Eastern Prince William Sound"
"37","19020104","AK","Lower Copper River"
"38","19020103","AK,CN","Chitina River"
"39","19070402","AK,CN","White River"
"40","17100203","OR","Wilson-Trusk-Nestuccu"
"41","17100204","OR","Siletz-Yaquina"
"42","17090003","OR","Upper Willamette"
"43","17090004","OR","Mckenzie"
"44","17090007","OR","Middle Willamette"
"45","17090008","OR","Yamhill"
"46","19020102","AK","Middle Copper River"
"47","19020101","AK","Upper Copper River"
"48","04030101","WI","Manitowoc-Sheboygan"
"49","04320000","CN","Mojikit Lake-Ogoki River"
"50","04330000","CN","Long Lake-Kenogami River"
"51","11080001","CO,NM","Canadian Headwaters"
"52","11080008","NM","Revuelto"
"53","11050001","KS,OK","Lower Cimarron-Eagle Chief"
"54","11100302","OK","Lower North Canadian"
"55","11110103","AR,OK","Illinois"
"56","11110105","AR,OK","Poteau"
"57","04030102","WI","Door-Kewaunee"
"58","04060104","MI","Betsie-Platte"
"59","04080202","MI","Pine"
"60","04060103","MI","Manistee"
"61","04060105","MI","Boardman-Charlevoix"
"62","04080201","MI","Tittabawassee"
"63","04080104","MI","Birch-Willow"
"64","04090001","CN,MI","St. Clair"
"65","04010101","CN,MN","Baptism-Brule"
"66","04060102","MI","Muskegon"
"67","04010201","MN,WI","St. Louis"
"68","04010301","MN,WI","Beartrap-Nemadji"
"69","04010302","MI,WI","Bad-Montreal"
"70","04030204","WI","Lower Fox"
"71","04190000","IL,IN,MI,WI","Lake Michigan"
"72","19030204","AK","Naknek"
"73","19030206","AK","Lake Iliamna"
"74","19020602","AK","Tuxedni-Kamishak Bays"
"75","19030205","AK","Lake Clark"
"76","19020800","AK","Cook Inlet"
"77","19020601","AK","Redoubt-Trading Bays"
"78","04060101","MI","Pere Marquette-White"
"79","19020504","AK","Yentna River"
"80","04090002","CN,MI","Lake St. Clair"
"81","04230006","CN","Ausable River-Frontal Lake Huron"
"82","04250001","CN","Cedar Creek-Frontal Lake Erie"
"83","04290003","NY","Oswegatchie"
"84","04290004","NY","Grass"
"85","04290006","NY","St. Regis"
"86","04290007","CN,NY","Salmon"
"87","04300104","NY","Ausable River"
"88","04300106","NY","Saranac River"
"89","04300101","NY,VT","Mettawee River"
"90","04300109","CN,NY,VT","Richelieu River"
"91","04300102","VT","Otter Creek"
"92","04300103","VT","Winooski River"
"93","04300105","VT","Lamoille River"
"94","04300107","CN,VT","Missiquoi River"
"95","04300202","CN,ME,NH,VT","St. Francois River"
"96","04050004","MI","Upper Grand"
"97","04100013","MI","Huron"
"98","04250002","CN","Talbot Creek-Frontal Lake Erie"
"99","04090007","CN","Lower Thames River"
"100","22030002","AS","Ofu Island-Olosega Island"
"101","05100204","KY","Upper Kentucky"
"102","05100205","KY","Lower Kentucky"
"103","01010009","CN,ME","Little River-Saint John River"
"104","01010011","CN,ME","Keswick River-Saint John River"
"105","01010004","CN,ME","Aroostook River"
"106","01010005","CN,ME","Meduxnekeag River"
"107","01010008","CN,ME","Saint Francis River-Saint John River"
"108","01010010","CN,ME","Becaguimec Stream-Saint John River"
"109","01050001","CN,ME","Saint Croix River"
"110","18010203","OR","Upper Klamath Lake"
"111","17100309","CA,OR","Applegate"
"112","17100311","CA,OR","Illinois"
"113","17100206","OR","Siuslaw"
"114","17100303","OR","Umpqua"
"115","17100305","OR","Coquille"
"116","17100306","OR","Sixes"
"117","17100308","OR","Middle Rogue"
"118","02070008","DC,MD,VA,WV","Middle Potomac-Catoctin"
"119","02070010","DC,MD,VA","Middle Potomac-Anacostia-Occoquan"
"120","02060006","MD","Patuxent"
"121","04090006","CN","Upper Thames River"
"122","04250004","CN","Upper Grand River"
"123","04160001","CN","Dog River-Frontal Lake Superior"
"124","18030009","CA","Upper Dry"
"125","18040001","CA","Middle San Joaquin-Lower Chowchilla"
"126","22030004","AS","Rose Atoll"
"127","22030005","AS","Swains Island"
"128","10090201","WY","Middle Fork Powder"
"129","10090202","WY","Upper Powder"
"130","10090205","WY","Crazy Woman"
"131","10120107","SD,WY","Beaver"
"132","22040005","UM","Jarvis Island"
"133","22040007","UM","Baker Island"
"134","09010006","CN,ND","Long Creek"
"135","10060007","CN,MT,ND","Brush Lake Closed Basin"
"136","08030205","MS","Yalobusha"
"137","10060003","CN,MT","Poplar"
"138","10060004","CN,MT","West Fork Poplar"
"139","10060006","CN,MT,ND","Big Muddy"
"140","04090004","CN,MI","Detroit"
"141","22040006","UM","Howland Island"
"142","22040003","UM","Kingman Reef"
"143","10120103","WY","Upper Cheyenne"
"144","22040004","UM","Palmyra Atoll"
"145","18100202","CA,MX","Carrizo Creek"
"146","16060015","CA,NV","Ivanpah-Pahrump Valleys"
"147","18090202","CA,NV","Upper Amargosa"
"148","19080106","AK,CN","Black River"
"149","19080108","AK,CN","Porcupine Flats-Porcupine River"
"150","04270105","CN","Ganaraska River-Frontal Lake Ontario"
"151","04280001","CN","Prince Edward County-Frontal Lake Ontario"
"152","10190003","CO","Middle South Platte-Cherry Creek"
"153","10190004","CO","Clear"
"154","10190006","CO","Big Thompson"
"155","10180009","NE,WY","Middle North Platte-Scotts Bluff"
"156","10190007","CO,WY","Cache La Poudre"
"157","10190008","CO,WY","Lone Tree-Owl"
"158","10190011","CO","Bijou"
"159","10180010","CO,WY","Upper Laramie"
"160","10180011","WY","Lower Laramie"
"161","22040002","UM","Johnston Atoll"
"162","03010203","NC,VA","Chowan"
"163","03030006","NC","Black"
"164","03030007","NC","Northeast Cape Fear"
"165","03010107","NC","Lower Roanoke"
"166","03020202","NC","Middle Neuse"
"167","03020103","NC","Lower Tar"
"168","03020201","NC","Upper Neuse"
"169","03020302","NC","New River"
"170","10130103","ND","Apple Creek"
"171","08040305","LA","Black"
"172","08050003","LA","Tensas"
"173","18020003","CA","Lower Pit"
"174","18020122","CA","East Branch North Fork Feather"
"175","18020123","CA","Middle Fork Feather"
"176","18080003","CA,NV","Honey-Eagle Lakes"
"177","18080001","CA,NV","Surprise Valley"
"178","18020001","CA,OR","Goose Lake"
"179","18100203","CA","San Felipe Creek"
"180","18070305","CA,MX","Cottonwood-Tijuana"
"181","22040001","UM","Wake Island"
"182","22030001","AS","Tutuila Island"
"183","11100203","OK,TX","Lower Wolf"
"184","11040006","KS,OK","Upper Cimarron-Liberal"
"185","11140202","LA","Middle Red-Coushatta"
"186","11140206","LA,TX","Bayou Pierre"
"187","11140207","LA","Lower Red-Lake Iatt"
"188","11140208","LA","Saline Bayou"
"189","16050203","NV","Carson Desert"
"190","16060002","NV","Gabbs Valley"
"191","16020301","NV,UT","Hamlin-Snake Valleys"
"192","16010101","UT,WY","Upper Bear"
"193","16050302","CA,NV","West Walker"
"194","16020303","UT","Tule Valley"
"195","16020310","UT","Great Salt Lake"
"196","16030005","UT","Lower Sevier"
"197","16030007","UT","Beaver Bottoms-Upper Beaver"
"198","16030009","UT","Sevier Lake"
"199","16020306","NV,UT","Southern Great Salt Lake Desert"
"200","16020308","NV,UT","Northern Great Salt Lake Desert"
"201","16030006","NV,UT","Escalante Desert"
"202","16010201","ID,UT","Bear Lake"
"203","16010102","ID,UT,WY","Central Bear"
"204","02040304","VA","Eastern Lower Delmarva"
"205","07060003","IA,WI","Grant-Little Maquoketa"
"206","09030001","CN,MN","Rainy Headwaters"
"207","22030003","AS","Ta'u Island"
"208","04040003","WI","Milwaukee"
"209","19010102","AK","Ketchikan"
"210","19010209","AK","Etolin-Zarembo-Wrangell Islands"
"211","19010212","AK","Baranof Island"
"212","19010211","AK","Chichagof Island"
"213","19010500","AK","Icy Strait-Chatham Strait"
"214","19010301","AK,CN","Lynn Canal"
"215","04290008","CN,NY","Raisin River-St. Lawrence River"
"216","04300201","CN,NY","Chateaugay-English"
"217","03090203","FL","Florida Bay-Florida Keys"
"218","01060002","ME,NH","Saco River"
"219","01080207","CT,MA","Farmington River"
"220","01100004","CT","Quinnipiac"
"221","01080205","CT,MA","Outlet Connecticut River"
"222","01020001","CN,ME","West Branch Penobscot River"
"223","01060001","ME","Presumpscot"
"224","01050004","CN,ME","Passamaquoddy Bay-Bay of Fundy"
"225","11010014","AR","Little Red"
"226","11110201","AR","Frog-Mulberry"
"227","11110202","AR","Dardanelle Reservoir"
"228","11010001","AR,MO","Beaver Reservoir"
"229","11100201","OK,TX","Lower Beaver"
"230","10030201","MT","Two Medicine"
"231","10030202","MT","Cut Bank"
"232","10030204","MT","Willow"
"233","10030102","MT","Upper Missouri-Dearborn"
"234","10030203","CN,MT","Marias"
"235","03150106","AL","Middle Coosa"
"236","06020001","AL,GA,TN","Middle Tennessee-Chickamauga"
"237","03050101","NC,SC","Upper Catawba"
"238","03150204","AL","Lower Alabama"
"239","03160204","AL","Mobile-Tensaw"
"240","03110201","FL,GA","Upper Suwannee"
"241","03070201","GA","Satilla"
"242","03030005","NC","Lower Cape Fear"
"243","03040208","NC,SC","Coastal Carolina"
"244","01070004","MA,NH","Nashua River"
"245","01070006","MA,NH","Merrimack River"
"246","01070005","MA","Concord River"
"247","01090001","MA","Charles"
"248","01100003","CT","Thames"
"249","02030203","CT,NY,RI","Long Island Sound"
"250","01070003","NH","Contoocook River"
"251","01080201","MA,NH,VT","Ashuelot River-Connecticut River"
"252","01040002","ME,NH","Lower Androscoggin River"
"253","01090006","RI","Point Judith-Block Island"
"254","01090004","MA,RI","Narragansett"
"255","01100001","CT,MA,RI","Quinebaug River"
"256","01080204","MA","Chicopee River"
"257","01090003","MA,RI","Blackstone River"
"258","01080206","CT,MA","Westfield River"
"259","17100106","OR,WA","Willapa Bay"
"260","16030008","UT","Lower Beaver"
"261","19020302","AK","Upper Kenai Peninsula"
"262","19020402","AK","Matanuska"
"263","17110007","WA","Lower Skagit"
"264","17110005","CN,WA","Upper Skagit"
"265","04220003","CN","Severn River-Lake Simcoe"
"266","04270202","CN","Gull River"
"267","01010006","CN,ME","Headwaters Saint John River"
"268","04310001","CN,ME","Chaudiere River"
"269","01080103","NH,VT","Ammonoosuc River-Connecticut River"
"270","01080107","NH,VT","West River-Connecticut River"
"271","11120303","OK","Lower North Fork Red"
"272","11130302","OK","Upper Washita"
"273","11090202","OK","Lower Canadian-Walnut"
"274","11140104","OK","Clear Boggy"
"275","05140102","KY","Salt"
"276","05110003","KY","Middle Green"
"277","05110005","KY","Lower Green"
"278","05110006","KY","Pond"
"279","06040002","TN","Upper Duck"
"280","06030003","AL,TN","Upper Elk"
"281","17100304","OR","Coos"
"282","17100310","OR","Lower Rogue"
"283","04200001","MI","Carp-Pine"
"284","04210003","CN","Sturgeon River"
"285","04200008","CN","Spanish River-Frontal Lake Huron"
"286","04200009","CN","Killarney Lake-Frontal Lake Huron"
"287","04200006","CN","Serpent River-Frontal Lake Huron"
"288","04210004","CN","French River-Frontal Lake Huron"
"289","04210002","CN","Lower Wanapitei River"
"290","04200007","CN","Vermillion River"
"291","04210001","CN","Upper Wanapitei River"
"292","14040106","CO,UT,WY","Upper Green-Flaming Gorge Reservoir"
"293","02040206","DE,NJ","Cohansey-Maurice"
"294","02040204","DE,NJ","Delaware Bay"
"295","02040301","NJ,NY","Mullica-Toms"
"296","02020002","NY","Sacandaga"
"297","02050306","MD,PA","Lower Susquehanna"
"298","02070009","MD,PA","Monocacy"
"299","14040101","WY","Upper Green"
"300","14040102","WY","New Fork"
"301","14040103","WY","Upper Green-Slate"
"302","14040104","WY","Big Sandy"
"303","14040108","UT,WY","Muddy"
"304","09020318","CN","Rat River-Tourond Creek"
"305","04270201","CN","Scugog River"
"306","04270204","CN","Otonabee River"
"307","04270106","CN","Moira River-Frontal Lake Ontario"
"308","04270203","CN","Kawartha Lakes"
"309","02080103","VA","Rapidan-Upper Rappahannock"
"310","02080105","VA","Mattaponi"
"311","05090102","WV","Twelvepole"
"312","01050003","ME","St. George-Sheepscot"
"313","21020001","VI","St. John-St. Thomas"
"314","21020002","VI","St. Croix"
"315","08090100","LA","Lower Mississippi-New Orleans"
"316","08090301","LA","East Central Louisiana Coastal"
"317","03050201","SC","Cooper"
"318","03050202","SC","South Carolina Coastal"
"319","03050206","SC","Edisto River"
"320","03050207","SC","Salkehatchie"
"321","03050209","SC","Bulls Bay"
"322","03050210","SC","St. Helena Island"
"323","02080110","DE,MD,VA","Tangier"
"324","02070001","MD,VA,WV","South Branch Potomac"
"325","04200005","CN","Lower Mississagi River"
"326","04200004","CN","Upper Mississagi River"
"327","04020101","MI,WI","Black-Presque Isle"
"328","04020103","MI","Keweenaw Peninsula"
"329","04270102","CN","Jordan Harbour-Frontal Lake Ontario"
"330","04100011","OH","Sandusky"
"331","04100012","OH","Huron-Vermilion"
"332","04140301","NY","Black"
"333","04270101","CN,NY","Niagara River"
"334","01040001","CN,ME,NH","Upper Androscoggin River"
"335","01080101","CN,ME,NH,VT","Headwaters Connecticut River"
"336","01030001","CN,ME","Upper Kennebec River"
"337","01030002","CN,ME","Dead River"
"338","04030103","WI","Duck-Pensaukee"
"339","04030104","WI","Oconto"
"340","04030105","WI","Peshtigo"
"341","07120003","IL,IN","Chicago"
"342","04040002","IL,WI","Pike-Root"
"343","04040001","IL,IN,MI","Little Calumet-Galien"
"344","04030109","MI","Cedar-Ford"
"345","04050002","MI","Black-Macatawa"
"346","04050006","MI","Lower Grand"
"347","04030108","MI,WI","Menominee"
"348","04030110","MI","Escanaba"
"349","04030111","MI","Tacoosh-Whitefish"
"350","04230005","CN","Maitland River-Frontal Lake Huron"
"351","04230004","CN","Penetangore River-Frontal Lake Huron"
"352","04230002","CN","Bruce Peninsula-Frontal Lake Huron"
"353","11010007","AR,MO","Upper Black"
"354","11020001","CO","Arkansas Headwaters"
"355","14010003","CO","Eagle"
"356","11130301","OK,TX","Washita Headwaters"
"357","11090106","OK,TX","Middle Canadian-Spring"
"358","11090105","TX","Lake Meredith"
"359","11100104","OK,TX","Palo Duro"
"360","11110207","AR","Lower Arkansas-Maumelle"
"361","05040003","OH","Walhonding"
"362","04110004","OH","Grand"
"363","05030103","OH,PA","Mahoning"
"364","05030102","OH,PA","Shenango"
"365","11090203","OK","Little"
"366","10230003","IA,MN","Little Sioux"
"367","07130012","IL","Macoupin"
"368","07050001","WI","Upper Chippewa"
"369","07050002","MI,WI","Flambeau"
"370","10180014","NE","Lower North Platte"
"371","10190018","CO,NE","Lower South Platte"
"372","17040208","ID","Portneuf"
"373","15010011","NV","White"
"374","16060008","NV","Spring-Steptoe Valleys"
"375","16060014","NV","Sand Spring-Tikaboo Valleys"
"376","18090208","CA","Mojave"
"377","11060006","OK","Black Bear-Red Rock"
"378","11070107","OK","Bird"
"379","02030104","NJ,NY","Sandy Hook-Staten Island"
"380","21010007","PR","Puerto Rican Western Islands"
"381","21010008","PR","Puerto Rican Eastern Islands"
"382","08020401","AR","Lower Arkansas"
"383","08020402","AR","Bayou Meto"
"384","02030202","NJ,NY,RI","Southern Long Island"
"385","11090204","OK","Lower Canadian"
"386","11110102","OK","Dirty-Greenleaf"
"387","11140103","OK","Muddy Boggy"
"388","12090402","TX","East Matagorda Bay"
"389","10230002","IA","Floyd"
"390","10170204","IA,MN","Rock"
"391","10050012","MT","Lower Milk"
"392","10060001","MT","Prairie Elk-Wolf"
"393","10070008","MT","Pryor"
"394","10070003","MT","Shields"
"395","10140101","NE,SD","Fort Randall Reservoir"
"396","10130105","SD","Lower Lake Oahe"
"397","11020003","CO","Fountain"
"398","10190001","CO","South Platte Headwaters"
"399","10190002","CO","Upper South Platte"
"400","11020002","CO","Upper Arkansas"
"401","20010000","HI","Hawaii"
"402","20070000","HI","Kauai"
"403","20050000","HI","Molokai"
"404","20020000","HI","Maui"
"405","10180012","NE,WY","Horse"
"406","10040104","MT","Fort Peck Reservoir"
"407","10050009","MT","Peoples"
"408","10080008","WY","Nowood"
"409","10090101","MT,WY","Upper Tongue"
"410","17100205","OR","Alsea"
"411","17100207","OR","Siltcoos"
"412","05100101","KY","Licking"
"413","09020314","CN,MN","Roseau"
"414","09030009","CN,MN","Lake of the Woods"
"415","09020302","MN","Red Lakes"
"416","17110012","WA","Lake Washington"
"417","09010004","CN,ND","Willow"
"418","09020316","CN,ND","Lower Pembina River"
"419","09020315","CN,ND","Upper Pembina River"
"420","09020312","CN,MN","Two Rivers"
"421","17100302","OR","South Umpqua"
"422","08020301","AR","Lower White-Bayou Des Arc"
"423","08020302","AR,MO","Cache"
"424","11010013","AR","Upper White-Village"
"425","10130101","ND","Painted Woods-Square Butte"
"426","10130104","ND","Beaver"
"427","10130201","ND","Knife"
"428","10130203","ND","Lower Heart"
"429","10130206","ND","Lower Cannonball"
"430","10160001","ND","James Headwaters"
"431","10160002","ND","Pipestem"
"432","09010002","CN,ND","Des Lacs"
"433","09020107","MN,ND","Elm-Marsh"
"434","10110203","MT,ND","Middle Little Missouri"
"435","15050202","AZ,MX","Upper San Pedro"
"436","15080102","AZ,MX","Rio Sonoyta"
"437","11120103","TX","Upper Prairie Dog Town Fork Red"
"438","20040000","HI","Lanai"
"439","05010003","PA","Middle Allegheny-Tionesta"
"440","05010004","NY,PA","French"
"441","05030105","PA","Connoquenessing"
"442","20080000","HI","Niihau"
"443","05010002","NY,PA","Conewango"
"444","07010103","MN","Prairie-Willow"
"445","09030005","MN","Little Fork"
"446","17110009","WA","Skykomish"
"447","17110011","WA","Snohomish"
"448","20030000","HI","Kahoolawe"
"449","10280102","IA,MO","Thompson"
"450","10300101","KS,MO","Lower Missouri-Crooked"
"451","10280202","MO","Lower Chariton"
"452","10280101","IA,MO","Upper Grand"
"453","10290103","KS,MO","Little Osage"
"454","10270102","KS","Middle Kansas"
"455","10270103","KS","Delaware"
"456","10270201","NE","Upper Big Blue"
"457","10200101","NE","Middle Platte-Buffalo"
"458","10220003","NE","Lower Elkhorn"
"459","10200103","NE","Middle Platte-Prairie"
"460","10210009","NE","Loup"
"461","10240001","IA,MO,NE","Keg-Weeping Water"
"462","10250016","KS,NE","Middle Republican"
"463","20060000","HI","Oahu"
"464","10200202","NE","Lower Platte"
"465","10270206","KS,NE","Upper Little Blue"
"466","10270203","NE","West Fork Big Blue"
"467","10060002","MT","Redwater"
"468","10190015","CO,NE,WY","Upper Lodgepole"
"469","09030007","MN","Rapid"
"470","03040101","NC,VA","Upper Yadkin"
"471","11120104","TX","Tule"
"472","11120201","TX","Upper Salt Fork Red"
"473","11120301","TX","Upper North Fork Red"
"474","11130103","TX","North Pease"
"475","11130104","TX","Middle Pease"
"476","11130105","OK,TX","Pease"
"477","11130204","TX","North Wichita"
"478","11130205","TX","South Wichita"
"479","11130206","OK,TX","Wichita"
"480","11130207","TX","Southern Beaver"
"481","11130209","TX","Little Wichita"
"482","11140106","AR,OK,TX","Pecan-Waterhole"
"483","11140301","TX","Sulphur Headwaters"
"484","11140303","TX","White Oak Bayou"
"485","11140305","TX","Lake O'the Pines"
"486","11140306","LA,TX","Caddo Lake"
"487","11140307","TX","Little Cypress"
"488","12010001","TX","Upper Sabine"
"489","12010002","LA,TX","Middle Sabine"
"490","05120208","IN","Lower East Fork White"
"491","05120209","IN","Patoka"
"492","05140104","IN,KY","Blue-Sinking"
"493","05140201","IN,KY","Lower Ohio-Little Pigeon"
"494","05140202","IL,IN,KY","Highland-Pigeon"
"495","08040304","LA","Little"
"496","08070205","LA,MS","Tangipahoa"
"497","03180004","LA,MS","Lower Pearl"
"498","08040301","LA","Lower Red"
"499","08080102","LA","Bayou Teche"
"500","08070300","LA","Lower Grand"
"501","10120108","NE,SD,WY","Hat"
"502","10150003","NE,SD","Upper Niobrara"
"503","10150007","NE","Lower Niobrara"
"504","10180013","NE,WY","Pumpkin"
"505","10200102","NE","Wood"
"506","10200201","NE","Lower Platte-Shell"
"507","10200203","NE","Salt"
"508","10210001","NE","Upper Middle Loup"
"509","10210002","NE","Dismal"
"510","10210003","NE","Lower Middle Loup"
"511","10210004","NE","South Loup"
"512","10210005","NE","Mud"
"513","10210006","NE","Upper North Loup"
"514","10210007","NE","Lower North Loup"
"515","10210008","NE","Calamus"
"516","10210010","NE","Cedar"
"517","11100301","OK","Middle North Canadian"
"518","11100303","OK","Deep Fork"
"519","11110101","OK","Polecat-Snake"
"520","11130202","OK","Cache"
"521","11130203","OK","West Cache"
"522","11130208","OK","Northern Beaver"
"523","11130303","OK","Middle Washita"
"524","11130304","OK","Lower Washita"
"525","11140102","OK","Blue"
"526","11140107","OK","Upper Little"
"527","11110104","AR,OK","Robert S. Kerr Reservoir"
"528","11140105","AR,OK","Kiamichi"
"529","11040002","CO,KS,NM,OK","Upper Cimarron"
"530","11040008","KS,OK","Upper Cimarron-Bluff"
"531","11060001","KS,OK","Kaw Lake"
"532","12010003","TX","Lake Fork"
"533","12020001","TX","Upper Neches"
"534","12020002","TX","Middle Neches"
"535","12020004","TX","Upper Angelina"
"536","12020005","TX","Lower Angelina"
"537","12020006","TX","Village"
"538","12020007","TX","Pine Island Bayou"
"539","12030101","TX","Upper West Fork Trinity"
"540","12030102","TX","Lower West Fork Trinity"
"541","12030103","TX","Elm Fork Trinity"
"542","12030104","TX","Denton"
"543","12030105","TX","Upper Trinity"
"544","12030106","TX","East Fork Trinity"
"545","12030107","TX","Cedar"
"546","12030108","TX","Richland"
"547","12030109","TX","Chambers"
"548","12030201","TX","Lower Trinity-Tehuacana"
"549","12030202","TX","Lower Trinity-Kickapoo"
"550","22020208","MP","Sarigan Island"
"551","13040205","MX,TX","Big Bend"
"552","13040206","TX","Maravillas"
"553","13040207","TX","Santiago Draw"
"554","13040208","MX,TX","Reagan-Sanderson"
"555","13040209","TX","San Francisco"
"556","13040210","MX,TX","Lozier Canyon"
"557","13040211","TX","Big Canyon"
"558","13040301","TX","Upper Devils"
"559","13040302","TX","Lower Devils"
"560","13040303","TX","Dry Devils"
"561","13070002","NM,TX","Delaware"
"562","13070003","TX","Toyah"
"563","13070005","TX","Barrilla Draw"
"564","13070006","TX","Coyanosa-Hackberry Draws"
"565","12030203","TX","Lower Trinity"
"566","12040101","TX","West Fork San Jacinto"
"567","12040102","TX","Spring"
"568","12040103","TX","East Fork San Jacinto"
"569","12040104","TX","Buffalo-San Jacinto"
"570","13040203","MX,TX","Black Hills-Fresno"
"571","13040204","TX","Terlingua"
"572","22020207","MP","Guguan Island"
"573","10220001","NE","Upper Elkhorn"
"574","10220002","NE","North Fork Elkhorn"
"575","10220004","NE","Logan"
"576","10240006","NE","Little Nemaha"
"577","10250008","NE","Medicine"
"578","10270202","NE","Middle Big Blue"
"579","10270204","NE","Turkey"
"580","10190017","CO,NE,WY","Sidney Draw"
"581","10240008","KS,NE","Big Nemaha"
"582","10250004","KS,NE","Upper Republican"
"583","10250014","KS,NE","Beaver"
"584","10140201","NE,SD","Upper White"
"585","11060002","KS,OK","Upper Salt Fork Arkansas"
"586","11060004","KS,OK","Lower Salt Fork Arkansas"
"587","11060005","KS,OK","Chikaskia"
"588","11070103","KS,OK","Middle Verdigris"
"589","11070106","KS,OK","Caney"
"590","11120202","OK,TX","Lower Salt Fork Red"
"591","11120302","OK,TX","Middle North Fork Red"
"592","11120304","OK,TX","Elm Fork Red"
"593","11130102","OK,TX","Blue-China"
"594","11130201","OK,TX","Farmers-Mud"
"595","11100101","NM,OK,TX","Upper Beaver"
"596","18010201","OR","Williamson"
"597","18010202","OR","Sprague"
"598","02050106","PA","Upper Susquehanna-Tunkhannock"
"599","02050201","PA","Upper West Branch Susquehanna"
"600","02050202","PA","Sinnemahoning"
"601","13040202","MX,TX","Alamito"
"602","13070008","TX","Pecos"
"603","13070009","TX","Tunas"
"604","13070010","TX","Independence"
"605","13070011","TX","Howard Draw"
"606","22020206","MP","Alamagan Island"
"607","22020203","MP","Asuncion Island"
"608","14080106","AZ,NM","Chaco"
"609","15040001","NM","Upper Gila"
"610","15020003","AZ,NM","Carrizo Wash"
"611","15020004","AZ,NM","Zuni"
"612","22020205","MP","Pagan Island"
"613","12090108","TX","Jim Ned"
"614","12090109","TX","San Saba"
"615","12090110","TX","Brady"
"616","12090201","TX","Buchanan-Lyndon B. Johnson Lakes"
"617","12090202","TX","North Llano"
"618","12090204","TX","Llano"
"619","12090205","TX","Austin-Travis Lakes"
"620","12090206","TX","Pedernales"
"621","12090302","TX","Lower Colorado"
"622","12090401","TX","San Bernard"
"623","15040002","AZ,NM","Upper Gila-Mangas"
"624","11040001","CO,NM,OK","Cimarron Headwaters"
"625","13010005","CO,NM","Conejos"
"626","14080104","CO,NM","Animas"
"627","11090101","NM,TX","Middle Canadian-Trujillo"
"628","11090104","NM,TX","Carrizo"
"629","11120102","NM,TX","Palo Duro"
"630","13030102","MX,NM,TX","El Paso-Las Cruces"
"631","22020204","MP","Agrihan Island"
"632","10150006","NE,SD","Keya Paha"
"633","10170101","NE,SD","Lewis and Clark Lake"
"634","10150002","NE,WY","Niobrara Headwaters"
"635","01070001","NH","Pemigewasset River"
"636","01070002","NH","Winnipesaukee River"
"637","01080104","NH,VT","Waits River-Connecticut River"
"638","01080106","NH,VT","Black River-Connecticut River"
"639","02050203","PA","Middle West Branch Susquehanna"
"640","02050204","PA","Bald Eagle"
"641","02050205","PA","Pine"
"642","02050206","PA","Lower West Branch Susquehanna"
"643","02050303","PA","Raystown"
"644","02050304","PA","Lower Juniata"
"645","02050305","PA","Lower Susquehanna-Swatara"
"646","05010005","PA","Clarion"
"647","05010006","PA","Middle Allegheny-Redbank"
"648","05010007","PA","Conemaugh"
"649","05010008","PA","Kiskiminetas"
"650","05010009","PA","Lower Allegheny"
"651","05030104","PA","Beaver"
"652","02040104","NJ,NY,PA","Middle Delaware-Mongaup-Brodhead"
"653","12040203","TX","North Galveston Bay"
"654","12050003","TX","North Fork Double Mountain Fork Brazos"
"655","12050004","TX","Double Mountain Fork Brazos"
"656","12050006","TX","White"
"657","12050007","TX","Salt Fork Brazos"
"658","12060101","TX","Middle Brazos-Millers"
"659","12060102","TX","Upper Clear Fork Brazos"
"660","12060103","TX","Paint"
"661","12060104","TX","Lower Clear Fork Brazos"
"662","12060105","TX","Hubbard"
"663","12060201","TX","Middle Brazos-Palo Pinto"
"664","12060202","TX","Middle Brazos-Lake Whitney"
"665","12060203","TX","Bosque"
"666","12060204","TX","North Bosque"
"667","12070101","TX","Lower Brazos-Little Brazos"
"668","12070102","TX","Yegua"
"669","12070103","TX","Navasota"
"670","12070201","TX","Leon"
"671","12070202","TX","Cowhouse"
"672","12070203","TX","Lampasas"
"673","12070204","TX","Little"
"674","03150109","AL","Middle Tallapoosa"
"675","03150201","AL","Upper Alabama"
"676","03150203","AL","Middle Alabama"
"677","03160105","AL,MS","Luxapallila"
"678","22020202","MP","Maug Islands"
"679","02040201","NJ,PA","Crosswicks-Neshaminy"
"680","11080002","NM","Cimarron"
"681","11080003","NM","Upper Canadian"
"682","11080005","NM","Conchas"
"683","11080006","NM,TX","Upper Canadian-Ute Reservoir"
"684","11080007","NM","Ute"
"685","13020102","CO,NM","Rio Chama"
"686","13020201","NM","Rio Grande-Santa Fe"
"687","13020202","NM","Jemez"
"688","13020203","NM","Rio Grande-Albuquerque"
"689","13020204","NM","Rio Puerco"
"690","13020205","NM","Arroyo Chico"
"691","13020206","NM","North Plains"
"692","13020207","NM","Rio San Jose"
"693","02050103","NY,PA","Owego-Wappasening"
"694","02050105","NY,PA","Chemung"
"695","05030101","OH,PA,WV","Upper Ohio"
"696","05030106","OH,PA,WV","Upper Ohio-Wheeling"
"697","03040202","NC,SC","Lynches"
"698","03050104","SC","Wateree"
"699","12070205","TX","San Gabriel"
"700","12080002","TX","Colorado Headwaters"
"701","12080005","TX","Johnson Draw"
"702","12080008","TX","Upper Colorado"
"703","12090101","TX","Middle Colorado-Elm"
"704","12090102","TX","South Concho"
"705","12090103","TX","Middle Concho"
"706","12090104","TX","North Concho"
"707","12090105","TX","Concho"
"708","12090106","TX","Middle Colorado"
"709","12090107","TX","Pecan Bayou"
"710","22020201","MP","Farallon de Pajaros"
"711","22020103","MP","Aguijan Island"
"712","03160107","AL","Sipsey"
"713","12100201","TX","Upper Guadalupe"
"714","12100202","TX","Middle Guadalupe"
"715","12100203","TX","San Marcos"
"716","12100204","TX","Lower Guadalupe"
"717","12100301","TX","Upper San Antonio"
"718","12100303","TX","Lower San Antonio"
"719","12100304","TX","Cibolo"
"720","15080200","AZ,MX","Rio De La Concepcion"
"721","15020006","AZ,NM","Upper Puerco"
"722","15040004","AZ,NM","San Francisco"
"723","14080204","AZ,NM,UT","Chinle"
"724","15010006","AZ,NV","Grand Wash"
"725","14080201","AZ,CO,NM,UT","Lower San Juan-Four Corners"
"726","22020102","MP","Tinian Island"
"727","13020208","NM","Plains of San Agustin"
"728","13020209","NM","Rio Salado"
"729","13020210","NM","Jornada Del Muerto"
"730","13030103","NM","Jornada Draw"
"731","13030202","MX,NM","Mimbres"
"732","13050001","NM","Western Estancia"
"733","13050002","NM","Eastern Estancia"
"734","13060002","NM","Pintada Arroyo"
"735","13060003","NM","Upper Pecos"
"736","13060004","NM","Taiban"
"737","13060005","NM","Arroyo Del Macho"
"738","13060006","NM","Gallo Arroyo"
"739","13060007","NM","Upper Pecos-Long Arroyo"
"740","13060010","NM","Rio Penasco"
"741","13060011","NM,TX","Upper Pecos-Black"
"742","14080103","NM","Blanco Canyon"
"743","03050110","SC","Congaree"
"744","03140201","AL","Upper Choctawhatchee"
"745","03140302","AL","Patsaliga"
"746","03140303","AL","Sepulga"
"747","03140304","AL,FL","Lower Conecuh"
"748","03150107","AL","Lower Coosa"
"749","15010013","NV,UT","Meadow Valley Wash"
"750","16020307","NV,UT","Pilot-Thousand Springs, Nevada, Utah"
"751","16040101","NV","Upper Humboldt"
"752","16040102","NV","North Fork Humboldt"
"753","03160109","AL","Mulberry"
"754","03160110","AL","Sipsey Fork"
"755","03160111","AL","Locust"
"756","03160113","AL","Lower Black Warrior"
"757","03160201","AL,MS","Middle Tombigbee-Chickasaw"
"758","06030002","AL,TN","Wheeler Lake"
"759","06030006","AL,MS","Bear"
"760","03140106","AL,FL","Perdido"
"761","03130002","AL,GA","Middle Chattahoochee-Lake Harding"
"762","03130003","AL,GA","Middle Chattahoochee-Walter F"
"763","03150108","AL,GA","Upper Tallapoosa"
"764","03160106","AL,MS","Middle Tombigbee-Lubbub"
"765","03170002","AL,MS","Upper Chickasawhay"
"766","06030005","AL,MS,TN","Pickwick Lake"
"767","06030001","AL,GA,TN","Guntersville Lake"
"768","06030004","AL,TN","Lower Elk"
"769","16050101","CA,NV","Lake Tahoe"
"770","18010102","CA","Mad-Redwood"
"771","18010103","CA","Upper Eel"
"772","18010104","CA","Middle Fork Eel"
"773","18010105","CA","Lower Eel"
"774","18010106","CA","South Fork Eel"
"775","18010107","CA","Mattole"
"776","18010108","CA","Big-Navarro-Garcia"
"777","18010109","CA","Gualala-Salmon"
"778","18010110","CA","Russian"
"779","18010205","CA,OR","Butte"
"780","18010207","CA","Shasta"
"781","18010208","CA","Scott"
"782","18010209","CA,OR","Lower Klamath"
"783","18010210","CA","Salmon"
"784","18010211","CA","Trinity"
"785","18010212","CA","South Fork Trinity"
"786","18020004","CA","McCloud"
"787","18020005","CA","Sacramento Headwaters"
"788","16040103","NV","South Fork Humboldt"
"789","16040105","NV","Middle Humboldt"
"790","16040106","NV","Rock"
"791","16040107","NV","Reese"
"792","16040109","NV","Little Humboldt"
"793","16040202","NV","Lower Quinn"
"794","16050103","NV","Pyramid-Winnemucca Lakes"
"795","16050104","NV","Granite Springs Valley"
"796","16050202","NV","Middle Carson"
"797","16050303","NV","Walker"
"798","16050304","NV","Walker Lake"
"799","16060001","NV","Dixie Valley"
"800","16060003","NV","Southern Big Smoky Valley"
"801","16060004","NV","Northern Big Smoky Valley"
"802","16060005","NV","Diamond-Monitor Valleys"
"803","16060006","NV","Little Smoky-Newark Valleys"
"804","16060007","NV","Long-Ruby Valleys"
"805","08020205","AR","L'Anguille"
"806","03050203","SC","North Fork Edisto"
"807","03050205","SC","Four Hole Swamp"
"808","03060107","SC","Stevens"
"809","03040201","NC,SC","Lower Pee Dee"
"810","03040203","NC,SC","Lumber"
"811","03040204","NC,SC","Little Pee Dee"
"812","03040206","NC,SC","Waccamaw"
"813","03050103","NC,SC","Lower Catawba"
"814","18020104","CA","Sacramento-Stone Corral"
"815","18020111","CA","Lower American"
"816","18020115","CA","Upper Stony"
"817","18020116","CA","Upper Cache"
"818","18020121","CA","North Fork Feather"
"819","18020125","CA","Upper Yuba"
"820","18020126","CA","Upper Bear"
"821","18020128","CA","North Fork American"
"822","18020129","CA","South Fork American"
"823","18020151","CA","Cow Creek"
"824","18020152","CA","Cottonwood Creek"
"825","18020153","CA","Battle Creek"
"826","18020154","CA","Clear Creek-Sacramento River"
"827","18020155","CA","Paynes Creek-Sacramento River"
"828","18020156","CA","Thomes Creek-Sacramento River"
"829","18020157","CA","Big Chico Creek-Sacramento River"
"830","18020158","CA","Butte Creek"
"831","18020159","CA","Honcut Headwaters-Lower Feather"
"832","18020161","CA","Upper Coon-Upper Auburn"
"833","16060009","NV","Dry Lake Valley"
"834","16060011","NV","Ralston-Stone Cabin Valleys"
"835","16060012","NV","Hot Creek-Railroad Valleys"
"836","16060013","NV","Cactus-Sarcobatus Flats"
"837","16040203","CA,NV","Smoke Creek Desert"
"838","16040204","CA,NV","Massacre Lake"
"839","16060010","CA,NV","Fish Lake-Soda Spring Valleys"
"840","16040201","NV,OR","Upper Quinn"
"841","16040205","NV,OR","Thousand-Virgin"
"842","02030201","NY","Northern Long Island"
"843","10120106","NE,SD,WY","Angostura Reservoir"
"844","10120109","SD","Middle Cheyenne-Spring"
"845","10120110","SD","Rapid"
"846","10120111","SD","Middle Cheyenne-Elk"
"847","10120112","SD","Lower Cheyenne"
"848","10120113","SD","Cherry"
"849","10120202","MT,SD,WY","Lower Belle Fourche"
"850","10130302","SD","South Fork Grand"
"851","10130304","SD","South Fork Moreau"
"852","10130305","SD","Upper Moreau"
"853","10130306","SD","Lower Moreau"
"854","10140102","SD","Bad"
"855","10140103","SD","Medicine Knoll"
"856","10140104","SD","Medicine"
"857","10140105","SD","Crow"
"858","10140202","SD","Middle White"
"859","10140204","SD","Lower White"
"860","10160005","SD","Mud"
"861","18030001","CA","Upper Kern"
"862","18030002","CA","South Fork Kern"
"863","18030004","CA","Upper Poso"
"864","18030005","CA","Upper Deer-Upper White"
"865","18030006","CA","Upper Tule"
"866","18030007","CA","Upper Kaweah"
"867","18030012","CA","Tulare Lake Bed"
"868","18040002","CA","Lower San Joaquin River"
"869","18040003","CA","San Joaquin Delta"
"870","18040007","CA","Fresno River"
"871","18040008","CA","Upper Merced"
"872","18040010","CA","Upper Stanislaus"
"873","18040011","CA","Upper Calaveras California"
"874","18040013","CA","Upper Cosumnes"
"875","02040102","NY","East Branch Delaware"
"876","04120102","NY","Cattaraugus"
"877","04140201","NY","Seneca"
"878","04140203","NY","Oswego"
"879","10160009","SD","Turtle"
"880","10160011","SD","Lower James"
"881","10170102","SD","Vermillion"
"882","10170201","SD","Upper Big Sioux"
"883","10170202","MN,SD","Middle Big Sioux"
"884","07020003","MN,SD","Lac Qui Parle"
"885","09020101","MN,ND,SD","Bois De Sioux"
"886","10130301","ND,SD","North Fork Grand"
"887","10160004","ND,SD","Elm"
"888","10140203","NE,SD","Little White"
"889","10120203","SD,WY","Redwater"
"890","05130106","TN","Upper Cumberland-Cordell Hull Reservoir"
"891","05130107","TN","Collins"
"892","05130108","TN","Caney"
"893","18040051","CA","Rock Creek-French Camp Slough"
"894","18050002","CA","San Pablo Bay"
"895","18050003","CA","Coyote"
"896","18050004","CA","San Francisco Bay"
"897","18050005","CA","Tomales-Drake Bays"
"898","18050006","CA","San Francisco Coastal South"
"899","18060002","CA","Pajaro"
"900","18060005","CA","Salinas"
"901","18060006","CA","Central Coastal"
"902","18060008","CA","Santa Maria"
"903","18060009","CA","San Antonio"
"904","18060010","CA","Santa Ynez"
"905","18060013","CA","Santa Barbara Coastal"
"906","18060015","CA","Monterey Bay"
"907","18070101","CA","Ventura"
"908","12100402","TX","West Matagorda Bay"
"909","12100404","TX","West San Antonio Bay"
"910","04100007","IN,OH","Auglaize"
"911","04100008","OH","Blanchard"
"912","04100009","OH","Lower Maumee"
"913","04100010","OH","Cedar-Portage"
"914","04110002","OH","Cuyahoga"
"915","05030204","OH","Hocking"
"916","05040001","OH","Tuscarawas"
"917","05040002","OH","Mohican"
"918","05040004","OH","Muskingum"
"919","05040005","OH","Wills"
"920","05130201","TN","Lower Cumberland-Old Hickory Lake"
"921","05130202","TN","Lower Cumberland-Sycamore"
"922","05130203","TN","Stones"
"923","05130204","TN","Harpeth"
"924","06010107","NC,TN","Lower French Broad"
"925","06010201","NC,TN","Watts Bar Lake"
"926","06010207","TN","Lower Clinch"
"927","06010208","TN","Emory"
"928","06020004","TN","Sequatchie"
"929","06040003","TN","Lower Duck"
"930","06040004","TN","Buffalo"
"931","08010203","TN","South Fork Obion"
"932","08010204","TN","North Fork Forked Deer"
"933","08010205","TN","South Fork Forked Deer"
"934","08010206","TN","Forked Deer"
"935","08010209","TN","Loosahatchie"
"936","05130104","KY,TN","South Fork Cumberland"
"937","05130105","KY,TN","Obey"
"938","12100406","TX","Mission"
"939","12100407","TX","Aransas"
"940","12110101","TX","Nueces Headwaters"
"941","12110102","TX","West Nueces"
"942","12110103","TX","Upper Nueces"
"943","12110104","TX","Turkey"
"944","12110105","TX","Middle Nueces"
"945","12110106","TX","Upper Frio"
"946","12110107","TX","Hondo"
"947","12110108","TX","Lower Frio"
"948","12110109","TX","San Miguel"
"949","12110110","TX","Atascosa"
"950","12110111","TX","Lower Nueces"
"951","12110201","TX","North Corpus Christi Bay"
"952","12110204","TX","San Fernando"
"953","12110205","TX","Baffin Bay"
"954","12110206","TX","Palo Blanco"
"955","13040100","MX,NM,TX","Rio Grande-Fort Quitman"
"956","13040201","MX,TX","Cibolo-Red Light"
"957","05040006","OH","Licking"
"958","05060001","OH","Upper Scioto"
"959","05090202","OH","Little Miami"
"960","04100001","MI,OH","Ottawa-Stony"
"961","04100006","MI,OH","Tiffin"
"962","11050003","OK","Lower Cimarron"
"963","11070105","OK","Lower Verdigris"
"964","11070209","AR,OK","Lower Neosho"
"965","11090201","OK,TX","Lower Canadian-Deer"
"966","11100102","KS,OK,TX","Middle Beaver"
"967","05130205","KY,TN","Lower Cumberland"
"968","05130206","KY,TN","Red"
"969","06040005","KY,TN","Kentucky Lake"
"970","08010208","MS,TN","Lower Hatchie"
"971","06010205","TN,VA,WV","Upper Clinch, Tennessee, Virginia"
"972","11100103","NM,OK,TX","Coldwater"
"973","11100202","TX","Upper Wolf"
"974","08020303","AR","Lower White"
"975","08020304","AR","Big"
"976","08040103","AR","Little Missouri"
"977","05120109","IL,IN","Vermilion"
"978","07130002","IL","Vermilion"
"979","07120002","IL,IN","Iroquois"
"980","05120108","IL,IN","Middle Wabash-Little Vermilion"
"981","07120001","IL,IN,MI","Kankakee"
"982","22020101","MP","Saipan Island"
"983","08040201","AR","Lower Ouachita-Smackover"
"984","08040204","AR","Lower Saline"
"985","11010004","AR","Middle White"
"986","22020104","MP","Rota Island"
"987","11010005","AR","Buffalo"
"988","11010009","AR,MO","Lower Black"
"989","11010010","AR,MO","Spring"
"990","11010012","AR","Strawberry"
"991","11110203","AR","Lake Conway-Point Remove"
"992","11110204","AR","Petit Jean"
"993","11110205","AR","Cadron"
"994","11110206","AR","Fourche La Fave"
"995","11140109","AR,OK","Lower Little Arkansas, Oklahoma"
"996","11140201","AR,LA,TX","McKinney-Posten Bayous"
"997","11140205","AR,LA","Bodcau Bayou"
"998","08020204","AR,MO","Little River Ditches"
"999","17010306","ID,WA","Hangman"
"1000","22020210","MP","Farallon de Medinilla"
"1001","22020209","MP","Anatahan Island"
"1002","09040004","CN","Oldman River-Willow Creek"
"1003","04100002","MI,OH","Raisin"
"1004","02050104","NY,PA","Tioga"
"1005","04130002","NY,PA","Upper Genesee"
"1006","05010001","NY,PA","Upper Allegheny"
"1007","04130003","NY","Lower Genesee"
"1008","17060102","OR","Imnaha"
"1009","17050201","ID,OR","Brownlee Reservoir"
"1010","17020013","WA","Upper Crab"
"1011","17060108","ID,WA","Palouse"
"1012","17060109","ID,WA","Rock"
"1013","17080002","WA","Lewis"
"1014","17070106","WA","Klickitat"
"1015","03020105","NC","Pamlico Sound"
"1016","11010003","AR,MO","Bull Shoals Lake"
"1017","11010006","AR,MO","North Fork White"
"1018","11010011","AR,MO","Eleven Point"
"1019","11140108","AR,OK","Mountain Fork"
"1020","11070206","AR,KS,MO,OK","Lake O' The Cherokees"
"1021","08010100","AR,IL,KY,MO,MS,TN","Lower Mississippi-Memphis"
"1022","15010002","AZ","Grand Canyon"
"1023","15010004","AZ","Havasu Canyon"
"1024","15010007","AZ","Red Lake"
"1025","15010009","AZ,UT","Fort Pearce Wash"
"1026","15010014","AZ","Detrital Wash"
"1027","15020001","AZ,NM","Little Colorado Headwaters"
"1028","15020002","AZ,NM","Upper Little Colorado"
"1029","15020005","AZ","Silver"
"1030","15020007","AZ","Lower Puerco"
"1031","15020008","AZ","Middle Little Colorado"
"1032","15020009","AZ","Leroux Wash"
"1033","17120005","OR","Summer Lake"
"1034","17070303","OR","Beaver-South Fork"
"1035","17110015","WA","Nisqually"
"1036","17110019","WA","Puget Sound"
"1037","17020017","CN","Headwaters Columbia River"
"1038","17020020","CN","Goldstream River-Columbia River"
"1039","17010107","CN","Headwaters Kootenai River"
"1040","17010109","CN","Duncan River"
"1041","17020021","CN","Upper Arrow Lake-Columbia River"
"1042","17020019","CN","McNaughton Lake-Columbia River"
"1043","17020018","CN","Canoe River-McNaughton Lake"
"1044","03140301","AL","Upper Conecuh"
"1045","03150110","AL","Lower Tallapoosa"
"1046","03180002","MS","Middle Pearl-Strong"
"1047","08060202","MS","Lower Big Black"
"1048","12070104","TX","Lower Brazos"
"1049","12010004","LA,TX","Toledo Bend Reservoir"
"1050","03030003","NC","Deep"
"1051","03030004","NC","Upper Cape Fear"
"1052","03040102","NC","South Yadkin"
"1053","03040103","NC","Lower Yadkin"
"1054","03040104","NC,SC","Upper Pee Dee"
"1055","03040105","NC,SC","Rocky"
"1056","03050102","NC,SC","South Fork Catawba"
"1057","06010106","NC,TN","Pigeon"
"1058","15020010","AZ","Chevelon Canyon"
"1059","15020011","AZ","Cottonwood Wash"
"1060","15020012","AZ","Corn-Oraibi"
"1061","15020013","AZ","Polacca Wash"
"1062","15020014","AZ","Jadito Wash"
"1063","15020016","AZ","Lower Little Colorado"
"1064","15020017","AZ","Dinnebito Wash"
"1065","15030103","AZ","Sacramento Wash"
"1066","15030201","AZ","Big Sandy"
"1067","15030202","AZ","Burro"
"1068","15030203","AZ","Santa Maria"
"1069","15040007","AZ","San Carlos"
"1070","05120106","IN","Tippecanoe"
"1071","05120101","IN,OH","Upper Wabash"
"1072","04100004","IN,OH","St. Marys"
"1073","05120104","IN","Eel"
"1074","05080001","IN,OH","Upper Great Miami, Indiana, Ohio"
"1075","05080002","IN,OH","Lower Great Miami, Indiana, Ohio"
"1076","05090203","IN,KY,OH","Middle Ohio-Laughery"
"1077","05120103","IN,OH","Mississinewa"
"1078","05080003","IN,OH","Whitewater"
"1079","05120201","IN","Upper White"
"1080","05120205","IN","Flatrock-Haw"
"1081","05120206","IN","Upper East Fork White"
"1082","05120114","IL","Little Wabash"
"1083","05140204","IL,KY","Saline"
"1084","05120113","IL,IN","Lower Wabash"
"1085","05120207","IN","Muscatatuck"
"1086","09010003","CN,ND","Lower Souris"
"1087","09010005","CN,ND","Deep"
"1088","09020109","ND","Goose"
"1089","09020204","ND","Lower Sheyenne"
"1090","09020205","ND","Maple"
"1091","09020307","ND","Turtle"
"1092","09020308","ND","Forest"
"1093","09020310","ND","Park"
"1094","10110102","ND","Little Muddy"
"1095","15050302","AZ","Rillito"
"1096","15050305","AZ","Aguirre Valley"
"1097","15060101","AZ","Black"
"1098","15060102","AZ","White"
"1099","15060103","AZ","Upper Salt"
"1100","15060104","AZ","Carrizo"
"1101","15060105","AZ","Tonto"
"1102","15060106","AZ","Lower Salt"
"1103","15060201","AZ","Big Chino-Williamson Valley"
"1104","15070103","AZ","Hassayampa"
"1105","19080301","AK,CN","Nebesna-Chisana Rivers"
"1106","19080302","AK","Tok-Tanana River"
"1107","19080303","AK","Healy Lake-Tanana River"
"1108","07010201","MN","Platte-Spunk"
"1109","07010202","MN","Sauk"
"1110","07010206","MN","Twin Cities"
"1111","07010207","MN","Rum"
"1112","07030004","MN","Snake"
"1113","07060001","IA,MN,WI","Coon-Yellow"
"1114","07040007","WI","Black"
"1115","07070003","WI","Castle Rock"
"1116","07040008","IA,MN","Root"
"1117","07040006","MN,WI","La Crosse-Pine"
"1118","16040108","NV","Lower Humboldt"
"1119","16050102","CA,NV","Truckee"
"1120","10110101","ND","Lake Sakakawea"
"1121","10100004","MT,ND","Lower Yellowstone"
"1122","19020202","AK","Resurrection River-Frontal Resurrection Bay"
"1123","19020301","AK","Lower Kenai Peninsula"
"1124","18040009","CA","Upper Tuolumne"
"1125","18090101","CA,NV","Mono Lake"
"1126","19070102","AK,CN","Bennett Lake"
"1127","10080005","WY","Lower Wind"
"1128","10080006","WY","Badwater"
"1129","10080007","WY","Upper Bighorn"
"1130","10080009","WY","Greybull"
"1131","10080011","WY","Dry"
"1132","10080010","MT,WY","Big Horn Lake"
"1133","16010203","ID,UT","Little Bear-Logan"
"1134","16010202","ID,UT","Middle Bear"
"1135","10080015","MT","Lower Bighorn"
"1136","10080016","MT,WY","Little Bighorn"
"1137","10090208","MT,WY","Little Powder"
"1138","10090209","MT","Lower Powder"
"1139","10090207","MT,WY","Middle Powder"
"1140","17040103","ID,WY","Greys-Hoback"
"1141","12040202","LA,TX","East Galveston Bay"
"1142","12040204","TX","West Galveston Bay"
"1143","12040205","TX","Austin-Oyster"
"1144","12100401","TX","East Matagorda Bay"
"1145","12100403","TX","East San Antonio Bay"
"1146","12100405","TX","Aransas Bay"
"1147","03130014","FL","Apalachicola Bay"
"1148","02080111","DE,MD,VA","Pokomoke-Western Lower Delmarva"
"1149","02040303","DE,MD,NJ,VA","Chincoteague"
"1150","01060003","MA,ME,NH","Piscataqua-Salmon Falls"
"1151","14020006","CO","Uncompahgre"
"1152","14030003","CO","San Miguel"
"1153","03090202","FL","Everglades"
"1154","14050002","CO","Lower Yampa"
"1155","14050005","CO","Upper White"
"1156","14050006","CO","Piceance-Yellow"
"1157","14050003","CO,WY","Little Snake"
"1158","19020401","AK","Anchorage"
"1159","19020505","AK","Lower Susitna River"
"1160","03110102","FL","Econfina-Steinhatchee"
"1161","01050002","ME","Maine Coastal"
"1162","03080202","FL","Cape Canaveral"
"1163","12110202","TX","South Corpus Christi Bay"
"1164","12110203","TX","North Laguna Madre"
"1165","12110207","TX","Central Laguna Madre"
"1166","03080201","FL","Daytona-St. Augustine"
"1167","03100201","FL","Sarasota Bay"
"1168","03100206","FL","Tampa Bay"
"1169","03100207","FL","Crystal-Pithlachascotee"
"1170","08030204","MS,TN","Coldwater"
"1171","08010210","MS,TN","Wolf"
"1172","04030112","MI","Fishdam-Sturgeon"
"1173","04030113","MI","Manistique River"
"1174","04030114","MI","Millecoquins Lake-Brevoort River"
"1175","08090203","LA,MS","Eastern Louisiana Coastal"
"1176","10290203","MO","Lower Gasconade"
"1177","10300102","MO","Lower Missouri-Moreau"
"1178","10300103","MO","Lamine"
"1179","10300104","MO","Blackwater"
"1180","11010002","MO","James"
"1181","11010008","AR,MO","Current"
"1182","07110002","IA,MO","North Fabius"
"1183","10240010","IA,MO","Nodaway"
"1184","10240012","IA,MO","Platte"
"1185","10280103","IA,MO","Lower Grand"
"1186","10280201","IA,MO","Upper Chariton"
"1187","10290104","KS,MO","Marmaton"
"1188","11070208","AR,MO,OK","Elk"
"1189","03160102","MS","Town"
"1190","03170004","MS","Upper Leaf"
"1191","18090102","CA,NV","Crowley Lake"
"1192","18090103","CA","Owens Lake"
"1193","18090201","CA,NV","Eureka-Saline Valleys"
"1194","18090203","CA,NV","Death Valley-Lower Amargosa"
"1195","18090204","CA","Panamint Valley"
"1196","18090205","CA","Indian Wells-Searles Valleys"
"1197","18090207","CA","Coyote-Cuddeback Lakes"
"1198","15030101","AZ,CA,NV","Havasu-Mohave Lakes"
"1199","16050201","CA,NV","Upper Carson"
"1200","16050301","CA,NV","East Walker"
"1201","03110205","FL","Lower Suwannee"
"1202","03140103","AL,FL","Yellow"
"1203","03140104","AL,FL","Blackwater"
"1204","03140202","AL,FL","Pea"
"1205","03140305","AL,FL","Escambia"
"1206","03130004","AL,FL,GA","Lower Chattahoochee"
"1207","03110203","FL,GA","Withlacoochee"
"1208","05120105","IN","Middle Wabash-Deer"
"1209","05120107","IN","Wildcat"
"1210","05120110","IN","Sugar"
"1211","05120202","IN","Lower White"
"1212","05120203","IN","Eel"
"1213","05120204","IN","Driftwood"
"1214","05120111","IL,IN","Middle Wabash-Busseron"
"1215","05140101","IN,KY","Silver-Little Kentucky"
"1216","10250010","KS","Upper Sappa"
"1217","03170006","MS","Pascagoula"
"1218","03170007","MS","Black"
"1219","03180003","MS","Middle Pearl-Silver"
"1220","08030201","MS","Little Tallahatchie"
"1221","08030202","MS","Tallahatchie"
"1222","08030206","MS","Upper Yazoo"
"1223","08030207","MS","Big Sunflower"
"1224","08060203","LA,MS","Bayou Pierre"
"1225","08060204","LA,MS","Coles Creek"
"1226","08060205","MS","Homochitto"
"1227","08060206","MS","Buffalo"
"1228","03160101","AL,MS","Upper Tombigbee"
"1229","03160103","AL,MS","Buttahatchee"
"1230","03170003","AL,MS","Lower Chickasawhay"
"1231","03170008","AL,MS","Escatawpa"
"1232","18010204","CA,OR","Lost"
"1233","10180001","CO","North Platte Headwaters"
"1234","10190005","CO","St. Vrain"
"1235","10190010","CO","Kiowa"
"1236","03060104","GA","Broad"
"1237","03060105","GA","Little"
"1238","12110208","TX","South Laguna Madre"
"1239","05030201","OH,WV","Little Muskingum-Middle Island"
"1240","05030202","OH,WV","Upper Ohio-Shade"
"1241","05090101","KY,OH,WV","Raccoon-Symmes"
"1242","13090002","MX,TX","Lower Rio Grande"
"1243","05020004","MD,PA,WV","Cheat"
"1244","17100301","OR","North Umpqua"
"1245","17070302","OR","Little Deschutes"
"1246","17090001","OR","Middle Fork Willamette"
"1247","10080001","WY","Upper Wind"
"1248","10080002","WY","Little Wind"
"1249","10080003","WY","Popo Agie"
"1250","10080004","WY","Muskrat"
"1251","10250015","KS,NE","Prairie Dog"
"1252","10250017","KS","Lower Republican"
"1253","10260001","CO,KS","Smoky Hill Headwaters"
"1254","10260003","KS","Upper Smoky Hill"
"1255","10260005","KS","Hackberry"
"1256","10260006","KS","Middle Smoky Hill"
"1257","10260007","KS","Big"
"1258","10260008","KS","Lower Smoky Hill"
"1259","10260009","KS","Upper Saline"
"1260","10260010","KS","Lower Saline"
"1261","10260011","KS","Upper North Fork Solomon"
"1262","10260012","KS,NE","Lower North Fork Solomon"
"1263","10260013","KS","Upper South Fork Solomon"
"1264","10260014","KS","Lower South Fork Solomon"
"1265","10260015","KS","Solomon"
"1266","10270101","KS","Upper Kansas"
"1267","10290101","KS","Upper Marais Des Cygnes"
"1268","11030001","CO,KS","Middle Arkansas-Lake McKinney"
"1269","10020006","MT","Boulder"
"1270","10030103","MT","Smith"
"1271","10030105","MT","Belt"
"1272","10030205","MT","Teton"
"1273","10190012","CO,NE","Middle South Platte-Sterling"
"1274","10190013","CO","Beaver"
"1275","10190014","CO","Pawnee"
"1276","10250001","CO,KS,NE","Arikaree"
"1277","10250002","CO,KS,NE","North Fork Republican"
"1278","11020004","CO","Chico"
"1279","11020005","CO","Upper Arkansas-Lake Meredith"
"1280","11020006","CO","Huerfano"
"1281","11020007","CO","Apishapa"
"1282","11020008","CO","Horse"
"1283","11020009","CO,KS","Upper Arkansas-John Martin Reservoir"
"1284","11020011","CO","Big Sandy"
"1285","11020012","CO","Rush"
"1286","11020013","CO","Two Butte"
"1287","11040004","CO,KS","Sand Arroyo"
"1288","13010003","CO","San Luis"
"1289","13010004","CO","Saguache"
"1290","10090203","WY","South Fork Powder"
"1291","10090204","WY","Salt"
"1292","10090206","WY","Clear"
"1293","10120101","WY","Antelope"
"1294","10120102","WY","Dry Fork Cheyenne"
"1295","10120104","WY","Lance"
"1296","10120105","WY","Lightning"
"1297","10180003","WY","Pathfinder-Seminoe Reservoirs"
"1298","10180004","WY","Medicine Bow"
"1299","10180005","WY","Little Medicine Bow"
"1300","10180006","WY","Sweetwater"
"1301","10180007","WY","Middle North Platte-Casper"
"1302","10180008","WY","Glendo Reservoir"
"1303","11030003","KS","Arkansas-Dodge City"
"1304","11030004","KS","Coon-Pickerel"
"1305","11030005","KS","Pawnee"
"1306","11030006","KS","Buckner"
"1307","11030007","KS","Upper Walnut Creek"
"1308","11030008","KS","Lower Walnut Creek"
"1309","11030009","KS","Rattlesnake"
"1310","11030010","KS","Gar-Peace"
"1311","11030011","KS","Cow"
"1312","11030012","KS","Little Arkansas"
"1313","11030013","KS","Middle Arkansas-Slate"
"1314","11030014","KS","North Fork Ninnescah"
"1315","11030015","KS","South Fork Ninnescah"
"1316","11030017","KS","Upper Walnut River"
"1317","11030018","KS","Lower Walnut River"
"1318","11040007","KS,OK","Crooked"
"1319","11070101","KS","Upper Verdigris"
"1320","11070102","KS","Fall"
"1321","11070104","KS","Elk"
"1322","11070201","KS","Neosho Headwaters"
"1323","11070203","KS","Lower Cottonwood"
"1324","19020701","AK","Kodiak-Afognak Islands"
"1325","19030306","AK","Nushagak Bay"
"1326","19030303","AK","Lower Nushagak River"
"1327","19030304","AK","Wood River"
"1328","19030305","AK","Togiak"
"1329","19030503","AK","Nunavak-St.Matthew Islands"
"1330","18070203","CA","Santa Ana"
"1331","03160203","AL","Lower Tombigbee"
"1332","18100201","CA","Whitewater River"
"1333","03040205","SC","Black"
"1334","03040207","SC","Carolina Coastal-Sampit"
"1335","03050111","SC","Lake Marion"
"1336","03110202","FL,GA","Alapaha"
"1337","03070104","GA","Lower Ocmulgee"
"1338","03150202","AL","Cahaba"
"1339","03160112","AL","Upper Black Warrior"
"1340","14040105","WY","Bitter"
"1341","14040200","WY","Great Divide Closed Basin"
"1342","14050004","WY","Muddy"
"1343","10110201","MT,ND,SD,WY","Upper Little Missouri"
"1344","10120201","SD,WY","Upper Belle Fourche"
"1345","17110001","CN,WA","Sumas River"
"1346","17120007","CA,NV,OR","Warner Lakes"
"1347","11070204","KS","Upper Neosho"
"1348","11070205","KS,OK","Middle Neosho"
"1349","10250013","CO,KS","Little Beaver"
"1350","17050202","OR","Burnt"
"1351","17050203","OR","Powder"
"1352","17060104","OR","Upper Grande Ronde"
"1353","17060105","OR","Wallowa"
"1354","17060106","OR,WA","Lower Grande Ronde"
"1355","17070103","OR","Umatilla"
"1356","17070104","OR","Willow"
"1357","17070201","OR","Upper John Day"
"1358","17070202","OR","North Fork John Day"
"1359","17070203","OR","Middle Fork John Day"
"1360","17070204","OR","Lower John Day"
"1361","17070301","OR","Upper Deschutes"
"1362","17070304","OR","Upper Crooked"
"1363","17070305","OR","Lower Crooked"
"1364","17070306","OR","Lower Deschutes"
"1365","17070307","OR","Trout"
"1366","10040101","MT","Bullwhacker-Dog"
"1367","10040102","MT","Arrow"
"1368","10040103","MT","Judith"
"1369","10040105","MT","Big Dry"
"1370","10040106","MT","Little Dry"
"1371","10040201","MT","Upper Musselshell"
"1372","10040202","MT","Middle Musselshell"
"1373","10040203","MT","Flatwillow"
"1374","10040204","MT","Box Elder"
"1375","10040205","MT","Lower Musselshell"
"1376","10050005","MT","Big Sandy"
"1377","15070102","AZ","Agua Fria"
"1378","17100307","OR","Upper Rogue"
"1379","17120001","OR","Harney-Malheur Lakes"
"1380","17120002","OR","Silvies"
"1381","17120003","OR","Donner und Blitzen"
"1382","17120004","OR","Silver"
"1383","17120006","OR","Lake Abert"
"1384","17090002","OR","Coast Fork Willamette"
"1385","17090005","OR","North Santiam"
"1386","17090006","OR","South Santiam"
"1387","17090009","OR","Molalla-Pudding"
"1388","17090011","OR","Clackamas"
"1389","17060103","ID,OR,WA","Lower Snake-Asotin"
"1390","17070101","OR,WA","Middle Columbia-Lake Wallula"
"1391","17070102","OR,WA","Walla Walla"
"1392","17040210","ID,UT","Raft"
"1393","17010308","ID,WA","Little Spokane"
"1394","10050014","MT","Beaver"
"1395","10050016","MT","Porcupine"
"1396","10070007","MT","Upper Yellowstone-Pompeys Pillar"
"1397","10090102","MT","Lower Tongue"
"1398","10090210","MT","Mizpah"
"1399","10100001","MT","Lower Yellowstone-Sunday"
"1400","10100002","MT","Big Porcupine"
"1401","10100003","MT","Rosebud"
"1402","17120009","NV,OR","Alvord Lake"
"1403","17100101","WA","Hoh-Quillayute"
"1404","17100102","WA","Queets-Quinault"
"1405","17100104","WA","Lower Chehalis"
"1406","17100105","WA","Grays Harbor"
"1407","17110004","CN,WA","Nooksack"
"1408","17110006","WA","Sauk"
"1409","17110008","WA","Stillaguamish"
"1410","17110013","WA","Duwamish"
"1411","17110014","WA","Puyallup"
"1412","03060108","GA","Brier"
"1413","03060201","GA","Upper Ogeechee"
"1414","03060202","GA","Lower Ogeechee"
"1415","03060203","GA","Canoochee"
"1416","03060204","GA","Ogeechee Coastal"
"1417","03070101","GA","Upper Oconee"
"1418","03070102","GA","Lower Oconee"
"1419","03070103","GA","Upper Ocmulgee"
"1420","17020003","WA","Colville"
"1421","17020004","WA","Sanpoil"
"1422","17020005","WA","Chief Joseph"
"1423","17020008","WA","Methow"
"1424","17020009","WA","Lake Chelan"
"1425","17020010","WA","Upper Columbia-Entiat"
"1426","17020011","WA","Wenatchee"
"1427","17020012","WA","Moses Coulee"
"1428","17020014","WA","Banks Lake"
"1429","17020015","WA","Lower Crab"
"1430","17060110","WA","Lower Snake"
"1431","17020002","CN,WA","Kettle"
"1432","10100005","MT","O'Fallon"
"1433","10110202","MT,ND,SD","Boxelder"
"1434","10110204","MT,ND","Beaver"
"1435","03020101","NC","Upper Tar"
"1436","03020102","NC","Fishing"
"1437","03020104","NC","Pamlico"
"1438","03020203","NC","Contentnea"
"1439","03020204","NC","Lower Neuse"
"1440","03030002","NC","Haw"
"1441","17110010","WA","Snoqualmie"
"1442","17030001","WA","Upper Yakima"
"1443","17100103","WA","Upper Chehalis"
"1444","17080005","WA","Lower Cowlitz"
"1445","04240001","CN","Manitoulin Island"
"1446","03070105","GA","Little Ocmulgee"
"1447","03070106","GA","Altamaha"
"1448","03070107","GA","Ohoopee"
"1449","03070202","GA","Little Satilla"
"1450","03110204","GA","Little"
"1451","03120002","GA","Upper Ochlockonee"
"1452","03130001","GA","Upper Chattahoochee"
"1453","03130005","GA","Upper Flint"
"1454","03130006","GA","Middle Flint"
"1455","03130007","GA","Kinchafoonee-Muckalee"
"1456","03130008","FL,GA","Lower Flint"
"1457","03130009","GA","Ichawaynochaway"
"1458","03130010","GA","Spring"
"1459","03150101","GA,TN","Conasauga"
"1460","03150102","GA","Coosawattee"
"1461","03150103","GA","Oostanaula"
"1462","03150104","GA","Etowah"
"1463","06020003","GA,NC,TN","Ocoee"
"1464","17020006","CN,WA","Okanogan"
"1465","17020007","CN,WA","Similkameen"
"1466","17010216","CN,ID,WA","Pend Oreille"
"1467","17010305","ID,WA","Upper Spokane"
"1468","17060107","ID,WA","Lower Snake-Tucannon"
"1469","10260004","CO,KS","Ladder"
"1470","11030002","CO,KS","Whitewoman"
"1471","11070207","KS,MO,OK","Spring"
"1472","10240005","IA,KS,MO,NE","Tarkio-Wolf"
"1473","10240007","KS,NE","South Fork Big Nemaha"
"1474","10250011","KS,NE","Lower Sappa"
"1475","10270205","KS,NE","Lower Big Blue"
"1476","10270207","KS,NE","Lower Little Blue"
"1477","09030006","CN,MN","Big Fork"
"1478","09030008","CN,MN","Lower Rainy"
"1479","09030010","CN","Big Turtle River-Rainy Lake"
"1480","04080203","MI","Shiawassee"
"1481","04080205","MI","Cass"
"1482","17020016","WA","Upper Columbia-Priest Rapids"
"1483","17030003","WA","Lower Yakima"
"1484","02040302","NJ","Great Egg Harbor"
"1485","09040001","CN,MT","St. Marys"
"1486","09020304","MN","Thief"
"1487","07010101","MN","Mississippi Headwaters"
"1488","09030011","CN","Shoal Lake"
"1489","10050001","CN,MT","Milk Headwaters"
"1490","10050002","CN,MT","Upper Milk"
"1491","10050003","CN,MT","Wild Horse Lake"
"1492","10050004","MT","Middle Milk"
"1493","14010002","CO","Blue"
"1494","14010004","CO","Roaring Fork"
"1495","14020001","CO","East-Taylor"
"1496","14020002","CO","Upper Gunnison"
"1497","14020003","CO","Tomichi"
"1498","14020004","CO","North Fork Gunnison"
"1499","14020005","CO","Lower Gunnison"
"1500","10050006","CN,MT","Sage"
"1501","22010000","GU","Guam"
"1502","07060002","IA,MN","Upper Iowa"
"1503","07060004","IA","Turkey"
"1504","07060006","IA","Maquoketa"
"1505","07080102","IA,MN","Upper Wapsipinicon"
"1506","07080103","IA","Lower Wapsipinicon"
"1507","07080105","IA","South Skunk"
"1508","07080106","IA","North Skunk"
"1509","07080107","IA","Skunk"
"1510","07080203","IA,MN","Winnebago"
"1511","07080205","IA","Middle Cedar"
"1512","07080206","IA","Lower Cedar"
"1513","11060003","KS,OK","Medicine Lodge"
"1514","05070203","KY","Lower Levisa"
"1515","05070204","KY,WV","Big Sandy"
"1516","05090104","KY","Little Sandy"
"1517","05100102","KY","South Fork Licking"
"1518","05100201","KY,VA","North Fork Kentucky"
"1519","05100202","KY","Middle Fork Kentucky"
"1520","05100203","KY","South Fork Kentucky"
"1521","05110001","KY","Upper Green"
"1522","05110002","KY,TN","Barren"
"1523","05110004","KY","Rough"
"1524","05130102","KY","Rockcastle"
"1525","05130103","KY,TN","Upper Cumberland-Lake Cumberland"
"1526","05140103","KY","Rolling Fork"
"1527","05140205","KY","Tradewater"
"1528","04010202","MN","Cloquet"
"1529","07030003","MN","Kettle"
"1530","09030002","MN","Vermilion"
"1531","07030002","WI","Namekagon"
"1532","07070001","MI,WI","Upper Wisconsin"
"1533","04070003","MI","Lone Lake-Ocqueoc"
"1534","04070004","MI","Cheboygan"
"1535","04070005","MI","Black"
"1536","04070006","MI","Thunder Bay"
"1537","04070007","MI","Au Sable"
"1538","14030002","CO,UT","Upper Dolores"
"1539","16020302","UT","Pine Valley"
"1540","16020304","UT","Rush-Tooele Valleys"
"1541","16020305","UT","Skull Valley"
"1542","16030001","UT","Upper Sevier"
"1543","16030002","UT","East Fork Sevier"
"1544","16030003","UT","Middle Sevier"
"1545","14080203","CO,UT","Montezuma"
"1546","07080208","IA","Middle Iowa"
"1547","07080209","IA","Lower Iowa"
"1548","07100002","IA,MN","Upper Des Moines"
"1549","07100004","IA","Middle Des Moines"
"1550","07100005","IA","Boone"
"1551","07100006","IA","North Raccoon"
"1552","07100007","IA","South Raccoon"
"1553","07100008","IA","Lake Red Rock"
"1554","07100009","IA,MO","Lower Des Moines"
"1555","10230004","IA","Monona-Harrison Ditch"
"1556","10230005","IA","Maple"
"1557","10230007","IA","Boyer"
"1558","10240002","IA","West Nishnabotna"
"1559","10240003","IA","East Nishnabotna"
"1560","10240009","IA","West Nodaway"
"1561","07060005","IA,IL,WI","Apple-Plum"
"1562","07080201","IA,MN","Upper Cedar"
"1563","07080202","IA,MN","Shell Rock"
"1564","06040006","KY,TN","Lower Tennessee"
"1565","05090103","KY,OH,WV","Little Scioto-Tygarts"
"1566","05090201","KY,OH","Ohio Brush-Whiteoak"
"1567","08040302","LA","Castor"
"1568","08040303","LA","Dugdemona"
"1569","08070100","LA,MS","Lower Mississippi-Baton Rouge"
"1570","08070203","LA,MS","Tickfaw"
"1571","08070204","LA","Lake Maurepas"
"1572","04080101","MI","Au Gres-Rifle"
"1573","04080102","MI","Kawkawlin-Pine"
"1574","04080103","MI","Pigeon-Wiscoggin"
"1575","04080206","MI","Saginaw"
"1576","04020203","MI","Waiska"
"1577","04020202","MI","Tahquamenon"
"1578","04010102","MN","Beaver-Lester"
"1579","19030103","AK","Western Aleutian Islands"
"1580","16010204","ID,UT","Lower Bear-Malad"
"1581","16020309","ID,UT","Curlew Valley"
"1582","02070005","VA,WV","South Fork Shenandoah"
"1583","10050007","CN,MT","Lodge"
"1584","10050008","CN,MT","Battle"
"1585","10050010","CN,MT","Cottonwood"
"1586","02080104","VA","Lower Rappahannock"
"1587","10050011","CN,MT","Whitewater"
"1588","02080106","VA","Pamunkey"
"1589","02080107","VA","York"
"1590","10050013","CN,MT","Frenchman"
"1591","10050015","CN,MT","Rock"
"1592","02080204","VA","Rivanna"
"1593","02080205","VA","Middle James-Willis"
"1594","10240004","IA,MO,NE","Nishnabotna"
"1595","10240013","IA,MO","One Hundred and Two"
"1596","10230001","IA,NE,SD","Blackbird-Soldier"
"1597","10230006","IA,NE","Big Papillion-Mosquito"
"1598","10170203","IA,MN,NE,SD","Lower Big Sioux"
"1599","05120115","IL","Skillet"
"1600","07090006","IL,WI","Kishwaukee"
"1601","07090007","IL","Green"
"1602","07120005","IL","Upper Illinois"
"1603","07120007","IL","Lower Fox"
"1604","07130001","IL","Lower Illinois-Senachwine Lake"
"1605","07130003","IL","Lower Illinois-Lake Chautauqua"
"1606","08080201","LA","Mermentau Headwaters"
"1607","03160104","MS","Tibbee"
"1608","03170001","MS","Chunky-Okatibbee"
"1609","08090202","LA","Lake Pontchartrain"
"1610","03180001","MS","Upper Pearl"
"1611","03160202","AL,MS","Sucarnoochee"
"1612","11140204","LA","Red Chute"
"1613","11140209","LA","Black Lake Bayou"
"1614","08040206","AR,LA","Bayou D'Arbonne"
"1615","19030102","AK","Fox Islands"
"1616","19030101","AK","Cold Bay"
"1617","19010103","AK","Prince of Wales"
"1618","19030104","AK","Pribilof Islands"
"1619","19030203","AK","Egegik Bay"
"1620","19030202","AK","Ugashik Bay"
"1621","08080206","LA","Lower Calcasieu"
"1622","05070202","KY,VA,WV","Upper Levisa"
"1623","12010005","LA,TX","Lower Sabine"
"1624","08040306","LA","Bayou Cocodrie"
"1625","01080105","VT","White River"
"1626","08050001","AR,LA","Boeuf"
"1627","01080102","NH,VT","Passumpsic River"
"1628","13070004","TX","Salt Draw"
"1629","07130005","IL","Spoon"
"1630","07130006","IL","Upper Sangamon"
"1631","07130007","IL","South Fork Sangamon"
"1632","17110016","WA","Deschutes"
"1633","17110017","WA","Skokomish"
"1634","17110018","WA","Hood Canal"
"1635","17110002","CN,WA","Strait of Georgia"
"1636","17110003","CN,WA","San Juan Islands"
"1637","17110020","CN,WA","Dungeness-Elwha"
"1638","17110021","CN,WA","Crescent-Hoko"
"1639","17010301","ID,MT","Upper Coeur d'Alene"
"1640","17010302","ID,MT","South Fork Coeur d'Alene"
"1641","17010303","ID,WA","Coeur d'Alene Lake"
"1642","17010304","ID,MT","St. Joe"
"1643","17040104","ID,WY","Palisades"
"1644","17040201","ID","Idaho Falls"
"1645","17040202","ID,MT,WY","Upper Henrys"
"1646","11140203","AR,LA","Loggy Bayou"
"1647","03180005","LA,MS","Bogue Chitto"
"1648","08030208","LA,MS","Lower Yazoo"
"1649","08030209","LA,MS","Deer-Steele"
"1650","08060100","LA,MS","Lower Mississippi-Natchez"
"1651","08070201","LA,MS","Bayou Sara-Thompson"
"1652","08070202","LA,MS","Amite"
"1653","11140304","AR,LA,TX","Cross Bayou"
"1654","01080202","MA,NH","Millers River"
"1655","01080203","MA,VT","Deerfield River"
"1656","02060001","MD","Upper Chesapeake Bay"
"1657","02060003","MD,PA","Gunpowder-Patapsco"
"1658","13070012","TX","Lower Pecos"
"1659","13080002","MX,TX","San Ambrosia-Santa Isabel"
"1660","13080003","MX,TX","International Falcon Reservoir"
"1661","13090001","MX,TX","Los Olmos"
"1662","11140302","AR,TX","Lower Sulpher"
"1663","12040201","LA,TX","Sabine Lake"
"1664","11090102","NM,TX","Punta de Agua"
"1665","11090103","NM,OK,TX","Rita Blanca"
"1666","11120101","NM,TX","Tierra Blanca"
"1667","12050001","NM,TX","Yellow House Draw"
"1668","12050002","NM,TX","Blackwater Draw"
"1669","12050005","NM,TX","Running Water Draw"
"1670","12080001","NM,TX","Lost Draw"
"1671","12080003","NM,TX","Monument-Seminole Draws"
"1672","12080004","NM,TX","Mustang Draw"
"1673","13050003","NM,TX","Tularosa Valley"
"1674","13070001","NM,TX","Lower Pecos-Red Bluff Reservoir"
"1675","13070007","NM,TX","Landreth-Monument Draws"
"1676","04030201","WI","Upper Fox"
"1677","04030202","WI","Wolf"
"1678","04030203","WI","Lake Winnebago"
"1679","07040005","WI","Trempealeau"
"1680","07050003","WI","South Fork Flambeau"
"1681","07050004","WI","Jump"
"1682","07050006","WI","Eau Claire"
"1683","07050007","WI","Red Cedar"
"1684","07070002","WI","Lake Dubay"
"1685","07070004","WI","Baraboo"
"1686","07090001","WI","Upper Rock"
"1687","07090002","IL,WI","Middle Rock"
"1688","17040205","ID","Willow"
"1689","17040206","ID","American Falls"
"1690","17040207","ID","Blackfoot"
"1691","17040209","ID","Lake Walcott"
"1692","17040212","ID","Upper Snake-Rock"
"1693","17040214","ID,MT","Beaver-Camas"
"1694","17040215","ID,MT","Medicine Lodge"
"1695","17040216","ID,MT","Birch"
"1696","17040217","ID","Little Lost"
"1697","17040218","ID","Big Lost"
"1698","17040219","ID","Big Wood"
"1699","17040220","ID","Camas"
"1700","17040221","ID","Little Wood"
"1701","17050101","ID","C.J. Strike Reservoir"
"1702","17050111","ID","North and Middle Forks Boise"
"1703","17050112","ID","Boise-Mores"
"1704","17050113","ID","South Fork Boise"
"1705","17050114","ID","Lower Boise"
"1706","17050120","ID","South Fork Payette"
"1707","17050121","ID","Middle Fork Payette"
"1708","17050122","ID","Payette"
"1709","02060004","MD","Severn"
"1710","02060005","DE,MD","Choptank"
"1711","02080109","DE,MD","Nanticoke"
"1712","02070002","MD,PA,WV","North Branch Potomac"
"1713","05020006","MD,PA,WV","Youghiogheny"
"1714","01010002","ME","Allagash River"
"1715","01020002","ME","East Branch Penobscot River"
"1716","01020003","ME","Mattawamkeag River"
"1717","01020004","ME","Piscataquis River"
"1718","01020005","ME","Penobscot River"
"1719","11120105","OK,TX","Lower Prairie Dog Town Fork Red"
"1720","11130101","OK,TX","Groesbeck-Sandy"
"1721","11130210","OK,TX","Lake Texoma"
"1722","11140101","OK,TX","Bois D'arc-Island"
"1723","14060003","UT","Duchesne"
"1724","14060004","UT","Strawberry"
"1725","14060005","UT","Lower Green-Desolation Canyon"
"1726","14060008","UT","Lower Green"
"1727","14060010","CO,UT","Lower Green-Diamond"
"1728","14070002","UT","Muddy"
"1729","14070003","UT","Fremont"
"1730","14070005","UT","Escalante"
"1731","16020101","UT,WY","Upper Weber"
"1732","05020002","WV","West Fork"
"1733","05030203","WV","Little Kanawha"
"1734","14080102","CO","Piedra"
"1735","10250003","CO,KS,NE","South Fork Republican"
"1736","10250012","CO,KS","South Fork Beaver"
"1737","10260002","CO,KS","North Fork Smoky Hill"
"1738","11040003","CO,KS","North Fork Cimarron"
"1739","11040005","CO,KS","Bear"
"1740","10190016","CO,NE,WY","Lower Lodgepole"
"1741","11020010","CO,NM","Purgatoire"
"1742","14080202","CO,UT","McElmo"
"1743","17050123","ID","North Fork Payette"
"1744","17050124","ID","Weiser"
"1745","17060201","ID","Upper Salmon"
"1746","17060202","ID","Pahsimeroi"
"1747","17060203","ID,MT","Middle Salmon-Panther"
"1748","17060204","ID,MT","Lemhi"
"1749","17060205","ID","Upper Middle Fork Salmon"
"1750","17060206","ID","Lower Middle Fork Salmon"
"1751","17060207","ID,MT","Middle Salmon-Chamberlain"
"1752","17060208","ID","South Fork Salmon"
"1753","17060209","ID","Lower Salmon"
"1754","17060210","ID","Little Salmon"
"1755","17060301","ID,MT","Upper Selway"
"1756","17060302","ID,MT","Lower Selway"
"1757","17060303","ID,MT","Lochsa"
"1758","17060304","ID","Middle Fork Clearwater"
"1759","17060305","ID","South Fork Clearwater"
"1760","17060306","ID,WA","Clearwater"
"1761","17060307","ID,MT","Upper North Fork Clearwater"
"1762","17060308","ID","Lower North Fork Clearwater"
"1763","01030003","ME","Lower Kennebec River"
"1764","04050003","MI","Kalamazoo"
"1765","04050005","MI","Maple"
"1766","04050007","MI","Thornapple"
"1767","16020102","UT","Lower Weber"
"1768","16020201","UT","Utah Lake"
"1769","16020203","UT","Provo"
"1770","16020204","UT","Jordan"
"1771","10250007","NE","Red Willow"
"1772","16040104","NV","Pine"
"1773","11050002","OK","Lower Cimarron-Skeleton"
"1774","03050106","SC","Lower Broad"
"1775","03150105","AL,GA","Upper Coosa"
"1776","15060203","AZ","Lower Verde"
"1777","12090203","TX","South Llano"
"1778","12100101","TX","Lavaca"
"1779","12100302","TX","Medina"
"1780","10180002","CO,WY","Upper North Platte"
"1781","01100002","CT,MA","Shetucket River"
"1782","02040207","DE","Broadkill-Smyrna"
"1783","17010105","CN,ID,MT","Moyie"
"1784","17040211","ID,NV,UT","Goose"
"1785","17050103","ID,OR","Middle Snake-Succor"
"1786","17050107","ID,NV,OR","Middle Owyhee"
"1787","17050108","ID,OR","Jordan"
"1788","17050115","ID,OR","Middle Snake-Payette"
"1789","17060101","ID,OR","Hells Canyon"
"1790","17010214","ID,WA","Pend Oreille Lake"
"1791","17010215","CN,ID,WA","Priest"
"1792","17040105","ID,WY","Salt"
"1793","17040204","ID,WY","Teton"
"1794","17010102","MT","Fisher"
"1795","17010201","MT","Upper Clark Fork"
"1796","17010202","MT","Flint-Rock"
"1797","17010203","MT","Blackfoot"
"1798","17010204","ID,MT","Middle Clark Fork"
"1799","17010205","ID,MT","Bitterroot"
"1800","17010207","MT","Middle Fork Flathead"
"1801","17010208","MT","Flathead Lake"
"1802","17010209","MT","South Fork Flathead"
"1803","17010210","MT","Stillwater"
"1804","17010211","MT","Swan"
"1805","07010102","MN","Leech Lake"
"1806","07010105","MN","Pine"
"1807","07010106","MN","Crow Wing"
"1808","07010107","MN","Redeye"
"1809","07010108","MN","Long Prairie"
"1810","07010203","MN","Clearwater-Elk"
"1811","07010204","MN","Crow"
"1812","07010205","MN","South Fork Crow"
"1813","07020002","MN","Pomme De Terre"
"1814","07020004","MN,SD","Hawk-Yellow Medicine"
"1815","07020005","MN","Chippewa"
"1816","07020006","MN","Redwood"
"1817","07020007","MN","Middle Minnesota"
"1818","18060004","CA","Estrella"
"1819","18060014","CA","Santa Barbara Channel Islands"
"1820","14060006","UT","Willow"
"1821","14070004","UT","Dirty Devil"
"1822","16020202","UT","Spanish Fork"
"1823","14010005","CO,UT","Colorado Headwaters-Plateau"
"1824","14040109","CO,WY","Vermilion"
"1825","07070006","WI","Kickapoo"
"1826","07090005","IL,WI","Lower Rock"
"1827","07130004","IL","Mackinaw"
"1828","17040213","ID,NV","Salmon Falls"
"1829","17050117","OR","Lower Malheur"
"1830","11030016","KS","Ninnescah"
"1831","11070202","KS","Upper Cottonwood"
"1832","07010104","MN","Elk-Nokasippi"
"1833","03090103","FL","Western Okeechobee Inflow"
"1834","17050118","OR","Bully"
"1835","17050119","OR","Willow"
"1836","07130008","IL","Lower Sangamon"
"1837","07130009","IL","Salt"
"1838","07130010","IL","La Moine"
"1839","07130011","IL","Lower Illinois"
"1840","07140106","IL","Big Muddy"
"1841","07140202","IL","Middle Kaskaskia"
"1842","07020010","MN","Watonwan"
"1843","07020011","MN","Le Sueur"
"1844","07020012","MN","Lower Minnesota"
"1845","07040002","MN","Cannon"
"1846","07040004","MN","Zumbro"
"1847","09020102","MN","Mustinka"
"1848","09020103","MN","Otter Tail"
"1849","09020106","MN,ND","Buffalo"
"1850","09020108","MN","Eastern Wild Rice"
"1851","09020303","MN","Red Lake"
"1852","09020305","MN","Clearwater"
"1853","09020309","MN","Snake"
"1854","09020104","MN,ND","Upper Red"
"1855","09020301","MN,ND","Sandhill-Wilson"
"1856","07020001","MN,ND,SD","Upper Minnesota"
"1857","10290102","KS,MO","Lower Marais Des Cygnes"
"1858","03170005","MS","Lower Leaf"
"1859","08030203","MS","Yocona"
"1860","18070103","CA","Calleguas"
"1861","18070104","CA","Santa Monica Bay"
"1862","18070105","CA","Los Angeles"
"1863","03090201","FL","Lake Okeechobee"
"1864","17010212","MT","Lower Flathead"
"1865","17010103","CN,ID,MT","Yaak"
"1866","17010213","ID,MT","Lower Clark Fork"
"1867","17010101","CN,ID,MT","Middle Kootenai"
"1868","17050102","ID,NV","Bruneau"
"1869","17050104","ID,NV","Upper Owyhee"
"1870","17050105","ID,NV,OR","South Fork Owyhee"
"1871","17050106","ID,NV,OR","East Little Owyhee"
"1872","17050109","OR","Crooked-Rattlesnake"
"1873","17050110","OR","Lower Owyhee"
"1874","17050116","OR","Upper Malheur"
"1875","18070106","CA","San Gabriel"
"1876","18070107","CA","San Pedro Channel Islands"
"1877","18070201","CA","Seal Beach"
"1878","18070202","CA","San Jacinto"
"1879","18070204","CA","Newport Bay"
"1880","18070301","CA","Aliso-San Onofre"
"1881","18070302","CA","Santa Margarita"
"1882","03100102","FL","Myakka"
"1883","03100202","FL","Manatee"
"1884","03100203","FL","Little Manatee"
"1885","03100204","FL","Alafia"
"1886","03100205","FL","Hillsborough"
"1887","07140203","IL","Shoal"
"1888","07080101","IA,IL","Copperas-Duck"
"1889","07080104","IA,IL,MO","Flint-Henderson"
"1890","05140203","IL,KY","Lower Ohio-Bay"
"1891","07110004","IL,MO","The Sny"
"1892","07140105","IL,KY,MO","Upper Mississippi-Cape Girardeau"
"1893","07110001","IA,IL,MO","Bear-Wyaconda"
"1894","07090003","IL,WI","Pecatonica"
"1895","07090004","IL,WI","Sugar"
"1896","07120004","IL,WI","Des Plaines"
"1897","07120006","IL,WI","Upper Fox"
"1898","04100005","IN,OH","Upper Maumee"
"1899","05120102","IN","Salamonie"
"1900","07110003","MO","South Fabius"
"1901","07110005","MO","North Fork Salt"
"1902","07110006","MO","South Fork Salt"
"1903","07110007","MO","Salt"
"1904","07110008","MO","Cuivre"
"1905","07140102","MO","Meramec"
"1906","07140103","MO","Bourbeuse"
"1907","07140104","MO","Big"
"1908","07140107","MO","Whitewater"
"1909","08020202","MO","Upper St. Francis"
"1910","10280203","MO","Little Chariton"
"1911","10290106","MO","Sac"
"1912","10290107","MO","Pomme De Terre"
"1913","10290109","MO","Lake of the Ozarks"
"1914","10290110","MO","Niangua"
"1915","10290111","MO","Lower Osage"
"1916","10290201","MO","Upper Gasconade"
"1917","10290202","MO","Big Piney"
"1918","10070004","MT","Upper Yellowstone-Lake Basin"
"1919","10070005","MT","Stillwater"
"1920","10020001","ID,MT","Red Rock"
"1921","10020002","MT","Beaverhead"
"1922","10020003","MT","Ruby"
"1923","10020004","ID,MT","Big Hole"
"1924","10020005","MT","Jefferson"
"1925","10030101","MT","Upper Missouri"
"1926","17010206","CN,MT","North Fork Flathead"
"1927","09040002","CN,MT","Belly"
"1928","07110009","IL,MO","Peruque-Piasa"
"1929","17030002","WA","Naches"
"1930","17080004","WA","Upper Cowlitz"
"1931","17010307","WA","Lower Spokane"
"1932","17020001","CN,WA","Franklin D. Roosevelt Lake"
"1933","14080101","CO,NM","Upper San Juan"
"1934","13010001","CO","Rio Grande Headwaters"
"1935","13030101","NM","Caballo"
"1936","11080004","NM","Mora"
"1937","13010002","CO,NM","Alamosa-Trinchera"
"1938","14060007","UT","Price"
"1939","14060009","UT","San Rafael"
"1940","16030004","UT","San Pitch"
"1941","07100003","IA,MN","East Fork Des Moines"
"1942","07020009","IA,MN","Blue Earth"
"1943","07020008","MN","Cottonwood"
"1944","07100001","MN","Des Moines Headwaters"
"1945","05120112","IL","Embarras"
"1946","07140108","IL","Cache"
"1947","05140206","IL,KY","Lower Ohio"
"1948","19010208","AK,CN","Thomas Bay"
"1949","19010207","AK,CN","Stikine River"
"1950","19010206","AK,CN","Holkham Bay"
"1951","19010304","AK,CN","Taku River"
"1952","05020005","PA,WV","Lower Monongahela"
"1953","05020001","WV","Tygart Valley"
"1954","05020003","PA,WV","Upper Monongahela"
"1955","02070007","MD,VA,WV","Shenandoah"
"1956","02070004","MD,PA,VA,WV","Conococheague-Opequon"
"1957","18020163","CA","Lower Sacramento"
"1958","18040012","CA","Upper Mokelumne"
"1959","18030010","CA","Upper King"
"1960","18040006","CA","Upper San Joaquin"
"1961","18040014","CA","Panoche-San Luis Reservoir"
"1962","01010003","ME","Fish River"
"1963","01010007","CN,ME","Big Black River-Saint John River"
"1964","03100208","FL","Withlacoochee"
"1965","03110101","FL","Waccasassa"
"1966","03110206","FL","Santa Fe"
"1967","03070204","FL,GA","St. Marys"
"1968","19060201","AK","Kuk River"
"1969","19060205","AK","Harrison Bay"
"1970","19060203","AK","Meade River"
"1971","19060204","AK","Ikpikpuk River"
"1972","19060206","AK","Admiralty Bay-Dease Inlet"
"1973","19060202","AK","Northwest Coast"
"1974","12090301","TX","Lower Colorado-Cummins"
"1975","12100102","TX","Navidad"
"1976","21010002","PR","Cibuco-Guajataca"
"1977","21010003","PR","Culebrinas-Guanajibo"
"1978","21010004","PR","Southern Puerto Rico"
"1979","21010005","PR","Eastern Puerto Rico"
"1980","01090002","MA,RI","Cape Cod"
"1981","14010001","CO","Colorado Headwaters"
"1982","03020301","NC","White Oak River"
"1983","19060502","AK","Camden Bay"
"1984","02080102","MD,VA","Great Wicomico-Piankatank"
"1985","02070011","MD,VA","Lower Potomac"
"1986","17100312","CA,OR","Chetco"
"1987","17120008","NV,OR","Guano"
"1988","17010106","CN,MT","Elk"
"1989","17040203","ID,WY","Lower Henrys"
"1990","17010104","CN,ID,MT","Lower Kootenai"
"1991","17070105","OR,WA","Middle Columbia-Hood"
"1992","17080001","OR,WA","Lower Columbia-Sandy"
"1993","17010108","CN","Upper Kootenai River"
"1994","19080305","AK","Salcha River"
"1995","02040202","DE,NJ,PA","Lower Delaware"
"1996","02050302","PA","Upper Juniata"
"1997","02070006","VA,WV","North Fork Shenandoah"
"1998","02080201","VA,WV","Upper James"
"1999","02080202","VA","Maury"
"2000","02080203","VA","Middle James-Buffalo"
"2001","02080207","VA","Appomattox"
"2002","02070003","MD,PA,VA,WV","Cacapon-Town"
"2003","03010102","NC,VA","Middle Roanoke"
"2004","03010103","NC,VA","Upper Dan"
"2005","03010104","NC,VA","Lower Dan"
"2006","03010106","NC,VA","Roanoke Rapids"
"2007","03010204","NC,VA","Meherrin"
"2008","03050107","SC","Tyger"
"2009","03050108","SC","Enoree"
"2010","03050112","SC","Santee"
"2011","03140107","AL,FL","Perdido Bay"
"2012","03160205","AL","Mobile Bay"
"2013","03160108","AL,MS","Noxubee"
"2014","03050204","SC","South Fork Edisto"
"2015","03140102","FL","Choctawhatchee Bay"
"2016","03050208","SC","Broad-St. Helena"
"2017","03060102","GA,NC,SC","Tugaloo"
"2018","03060103","GA,SC","Upper Savannah"
"2019","03060106","GA,SC","Middle Savannah"
"2020","03060110","SC","Calibogue Sound-Wright River"
"2021","03050105","NC,SC","Upper Broad"
"2022","03050109","NC,SC","Saluda"
"2023","03060101","NC,SC","Seneca"
"2024","03010101","VA","Upper Roanoke"
"2025","03010105","VA","Banister"
"2026","03010201","NC,VA","Nottoway"
"2027","03070205","FL,GA","Nassau"
"2028","03080102","FL","Oklawaha"
"2029","03080103","FL","Lower St. Johns"
"2030","03090101","FL","Kissimmee"
"2031","03100101","FL","Peace"
"2032","03140105","FL","Pensacola Bay"
"2033","03140203","AL,FL","Lower Choctawhatchee"
"2034","03070203","FL,GA","Cumberland-St. Simons"
"2035","03060109","GA,SC","Lower Savannah"
"2036","03170009","AL,LA,MS","Mississippi Coastal"
"2037","05050001","NC,TN,VA","Upper New"
"2038","05060002","OH","Lower Scioto"
"2039","05060003","OH","Paint"
"2040","05130101","KY,TN,VA","Upper Cumberland"
"2041","05050008","WV","Lower Kanawha"
"2042","05050002","VA,WV","Middle New"
"2043","05050003","VA,WV","Greenbrier"
"2044","05050004","WV","Lower New"
"2045","05050005","WV","Gauley"
"2046","05050006","WV","Upper Kanawha"
"2047","05050007","WV","Elk"
"2048","05050009","WV","Coal"
"2049","05070101","WV","Upper Guyandotte"
"2050","05070102","WV","Lower Guyandotte"
"2051","05070201","KY,VA,WV","Tug"
"2052","06010202","GA,NC,TN","Upper Little Tennessee"
"2053","06010203","NC,TN","Tuckasegee"
"2054","06010103","NC,TN","Watauga, North Carolina, Tennessee"
"2055","06010105","NC,SC,TN","Upper French Broad"
"2056","06010108","NC,TN","Nolichucky"
"2057","06010204","NC,TN","Lower Little Tennessee"
"2058","06010104","TN,VA","Holston"
"2059","06040001","MS,TN","Lower Tennessee-Beech"
"2060","06010206","KY,TN,VA","Powell"
"2061","06010102","NC,TN,VA","South Fork Holston"
"2062","06010101","TN,VA","North Fork Holston"
"2063","06020002","GA,NC,TN","Hiwassee"
"2064","07050005","WI","Lower Chippewa"
"2065","07070005","WI","Lower Wisconsin"
"2066","07030005","MN,WI","Lower St. Croix"
"2067","07080204","IA","West Fork Cedar"
"2068","07080207","IA","Upper Iowa"
"2069","07140201","IL","Upper Kaskaskia"
"2070","07140204","IL","Lower Kaskaskia"
"2071","07140101","IL,MO","Cahokia-Joachim"
"2072","07040001","MN,WI","Rush-Vermillion"
"2073","07040003","MN,WI","Buffalo-Whitewater"
"2074","07030001","MN,WI","Upper St. Croix"
"2075","08010202","KY,TN","Obion"
"2076","08010211","MS,TN","Horn Lake-Nonconnah"
"2077","08040101","AR","Ouachita Headwaters"
"2078","08040102","AR","Upper Ouachita"
"2079","08040203","AR","Upper Saline"
"2080","08020203","AR,MO","Lower St. Francis"
"2081","08020100","AR,MS","Lower Mississippi-Helena"
"2082","08010201","KY,TN","Bayou De Chien-Mayfield"
"2083","08040207","LA","Lower Ouachita"
"2084","08080101","LA","Atchafalaya"
"2085","08080103","LA","Vermilion"
"2086","08080202","LA","Mermentau"
"2087","08080203","LA","Upper Calcasieu"
"2088","08080204","LA","Whisky Chitto"
"2089","08080205","LA","West Fork Calcasieu"
"2090","08090201","LA","Liberty Bayou-Tchefuncta"
"2091","08090302","LA","West Central Louisiana Coastal"
"2092","08040202","AR,LA","Lower Ouachita-Bayou De Loutre"
"2093","08040205","AR,LA","Bayou Bartholomew"
"2094","08050002","AR,LA","Bayou Macon"
"2095","08030100","AR,LA,MS","Lower Mississippi-Greenville"
"2096","08060201","MS","Upper Big Black"
"2097","08010207","MS,TN","Upper Hatchie"
"2098","09020201","ND","Devils Lake"
"2099","09020202","ND","Upper Sheyenne"
"2100","09020203","ND","Middle Sheyenne"
"2101","09010007","CN,ND","Headwaters Souris River"
"2102","09010008","CN,ND","Moose Mountain Creek-Souris River"
"2103","09020105","ND,SD","Western Wild Rice"
"2104","09020306","MN,ND","Grand Marais-Red"
"2105","09020311","CN,MN,ND","Middle Red"
"2106","09030003","CN,MN","Rainy Lake"
"2107","09010009","CN","Upper Moose Mountain Creek"
"2108","09020317","CN","Morris River"
"2109","09020319","CN","La Salle River"
"2110","09040003","CN","Upper Oldman River"
"2111","10110205","ND","Lower Little Missouri"
"2112","10130202","ND","Upper Heart"
"2113","10130204","ND","Upper Cannonball"
"2114","10130205","ND,SD","Cedar"
"2115","10250006","CO,NE","Stinking Water"
"2116","10250009","KS,NE","Harlan County Reservoir"
"2117","10130303","ND,SD","Grand"
"2118","10160006","SD","Middle James"
"2119","10160007","SD","North Fork Snake"
"2120","10160008","SD","Snake"
"2121","10170103","SD","Lake Thompson"
"2122","10130102","ND,SD","Upper Lake Oahe"
"2123","10130106","ND,SD","West Missouri Coteau"
"2124","10160003","ND,SD","Upper James"
"2125","10250005","CO,NE","Frenchman"
"2126","10190009","CO,WY","Crow"
"2127","10070001","MT,WY","Yellowstone Headwaters"
"2128","10070006","MT,WY","Clarks Fork Yellowstone"
"2129","10080014","MT,WY","Shoshone"
"2130","10270104","KS,MO","Lower Kansas, Kansas"
"2131","10290105","MO","Harry S. Truman Reservoir"
"2132","10290108","KS,MO","South Grand"
"2133","10300200","MO","Lower Missouri"
"2134","10240011","KS,MO","Independence-Sugar"
"2135","10020008","MT,WY","Gallatin"
"2136","10030104","MT","Sun"
"2137","10060005","MT,ND","Charlie-Little Muddy"
"2138","10070002","MT,WY","Upper Yellowstone"
"2139","10020007","ID,MT,WY","Madison"
"2140","13020101","CO,NM","Upper Rio Grande"
"2141","13020211","NM","Elephant Butte Reservoir"
"2142","13030201","MX,NM","Playas Lake"
"2143","13060001","NM","Pecos Headwaters"
"2144","13060008","NM","Rio Hondo"
"2145","13060009","NM","Rio Felix"
"2146","13050004","NM,TX","Salt Basin"
"2147","14080105","AZ,CO,NM","Middle San Juan"
"2148","14070006","AZ,UT","Lower Lake Powell"
"2149","14070007","AZ,UT","Paria"
"2150","14080205","AZ,UT","Lower San Juan"
"2151","14030005","CO,UT","Upper Colorado-Kane Springs"
"2152","14070001","UT","Upper Lake Powell"
"2153","14050001","CO","Upper Yampa"
"2154","14030004","CO,UT","Lower Dolores"
"2155","14050007","CO,UT","Lower White"
"2156","14040107","UT,WY","Blacks Fork"
"2157","14080107","CO,NM","Mancos"
"2158","12080007","TX","Beals"
"2159","12080006","NM,TX","Sulphur Springs Draw"
"2160","14030001","CO,UT","Westwater Canyon"
"2161","19030404","AK","Holitna River"
"2162","15050301","AZ,MX","Upper Santa Cruz"
"2163","15050303","AZ","Lower Santa Cruz"
"2164","15080303","MX,NM","Cloverdale"
"2165","15040003","AZ,NM","Animas Valley"
"2166","15010015","NV","Las Vegas Wash"
"2167","15010010","AZ,NV,UT","Lower Virgin"
"2168","15010001","AZ","Lower Colorado-Marble Canyon"
"2169","15020015","AZ","Canyon Diablo"
"2170","15020018","AZ","Moenkopi Wash"
"2171","15050304","AZ","Brawley Wash"
"2172","15050306","AZ","Santa Rosa Wash"
"2173","15060202","AZ","Upper Verde"
"2174","15030105","AZ","Bouse Wash"
"2175","15030106","AZ","Tyson Wash"
"2176","15030204","AZ","Bill Williams"
"2177","15040005","AZ","Upper Gila-San Carlos Reservoir"
"2178","15050100","AZ","Middle Gila"
"2179","15050201","AZ","Willcox Playa"
"2180","15050203","AZ","Lower San Pedro"
"2181","15070104","AZ","Centennial Wash"
"2182","19090304","AK","Chuilnuk River-Yukon River"
"2183","19090305","AK","Yukon Delta"
"2184","19030403","AK","Takotna River"
"2185","19050101","AK","St. Lawrence Island"
"2186","19090302","AK","Upper Innoko River"
"2187","15070201","AZ","Lower Gila"
"2188","15070202","AZ","Tenmile Wash"
"2189","15070203","AZ","San Cristobal Wash"
"2190","15030107","AZ,CA,MX","Lower Colorado"
"2191","15030108","AZ,MX","Yuma Desert"
"2192","15080101","AZ,MX","San Simon Wash"
"2193","15080103","AZ,MX","Tule Desert"
"2194","15080301","AZ,MX","Whitewater Draw"
"2195","15040006","AZ,NM","San Simon"
"2196","15010005","AZ,NV","Lake Mead"
"2197","15010003","AZ,UT","Kanab"
"2198","15010008","UT","Upper Virgin"
"2199","15010012","NV","Muddy"
"2200","15030104","AZ,CA","Imperial Reservoir"
"2201","15080302","AZ,MX,NM","San Bernardino Valley"
"2202","17010110","CN","Slocan River"
"2203","18010101","CA,OR","Smith"
"2204","18010206","CA,OR","Upper Klamath"
"2205","15070101","AZ","Lower Gila-Painted Rock Reservoir"
"2206","17100201","OR","Necanicum"
"2207","19090107","AK","Dulbi River"
"2208","19050104","AK","Nome"
"2209","19080309","AK","Tolovana River"
"2210","19090201","AK","Tozitna River"
"2211","19050105","AK","Imuruk Basin"
"2212","19090203","AK","Melozitna River"
"2213","19080404","AK","Ramparts-Yukon River"
"2214","04120101","NY,OH,PA","Chautauqua-Conneaut"
"2215","17100202","OR","Nehalem"
"2216","17090010","OR","Tualatin"
"2217","17080003","OR,WA","Lower Columbia-Clatskanie"
"2218","17080006","OR,WA","Lower Columbia"
"2219","17090012","OR","Lower Willamette"
"2220","04120103","NY","Buffalo-Eighteenmile"
"2221","04130001","CN,NY","Oak Orchard-Twelvemile"
"2222","04140101","NY","Irondequoit-Ninemile"
"2223","04140102","NY","Salmon-Sandy"
"2224","04140302","NY","Chaumont-Perch"
"2225","04290002","NY","Indian"
"2226","04290001","CN,NY","Headwaters St. Lawrence River"
"2227","04110001","OH","Black-Rocky"
"2228","04110003","OH,PA","Ashtabula-Chagrin"
"2229","19020503","AK","Talkeetna River"
"2230","19020502","AK","Chulitna River"
"2231","19020501","AK","Upper Susitna River"
"2232","19080308","AK","Nenana River"
"2233","19080310","AK","Kantishna River"
"2234","19090106","AK","Huslia River"
"2235","19080402","AK","Beaver Creek"
"2236","19050203","AK","Buckland River"
"2237","19090104","AK","Kanuti River"
"2238","19050201","AK","Shishmaref"
"2239","19050301","AK","Selawik Lake"
"2240","19090105","AK","Allakaket-Koyukuk River"
"2241","19090102","AK","South Fork Koyukuk River"
"2242","19050304","AK","Lower Kobuk River"
"2243","19050303","AK","Middle Kobuk River"
"2244","19080203","AK","Christian River"
"2245","04260000","CN,MI,NY,OH,PA","Lake Erie"
"2246","04280002","CN,NY","Lake Ontario"
"2247","04180000","CN,MI,MN,WI","Lake Superior"
"2248","04160003","CN","Nipigon River"
"2249","04170006","CN","Goulais River-Frontal Lake Superior"
"2250","04170005","CN","Agawa River-Frontal Lake Superior"
"2251","04170003","CN","White River-Frontal Lake Superior"
"2252","04170001","CN","Little Pic River-Frontal Lake Superior"
"2253","04170002","CN","Pic River-Frontal Lake Superior"
"2254","04200002","CN,MI","St. Marys"
"2255","04230003","CN","Saugeen River"
"2256","04230001","CN","Eugenia Lake-Frontal Lake Huron"
"2257","04220004","CN","Nottawasaga River-Frontal Lake Huron"
"2258","04220002","CN","Lake Muskoka-Frontal Lake Huron"
"2259","04220001","CN","Magnetawan River-Frontal Lake Huron"
"2260","04200003","CN","Gordon Lake"
"2261","03110103","FL,GA","Aucilla"
"2262","03120001","FL,GA","Apalachee Bay-St. Marks"
"2263","03120003","FL,GA","Lower Ochlockonee"
"2264","03130011","FL,GA","Apalachicola"
"2265","03130013","FL","New"
"2266","03140101","FL","St. Andrew-St. Joseph Bays"
"2267","03130012","AL,FL","Chipola"
"2268","03080101","FL","Upper St. Johns"
"2269","03080203","FL","Vero Beach"
"2270","19050402","AK","Middle Noatak River"
"2271","19050405","AK","Lisburne Peninsula"
"2272","19060403","AK","Mikkelson Bay"
"2273","19060402","AK","Sagavanirktok River"
"2274","04250003","CN","Big Creek-Frontal Lake Erie"
"2275","04250005","CN","Lower Grand River"
"2276","04270103","CN","Sixteen Mile Creek-Frontal Lake Ontario"
"2277","04270104","CN","Humber River-Frontal Lake Ontario"
"2278","04270107","CN","Napanee River-Frontal Lake Ontario"
"2279","04270205","CN","Trent River"
"2280","03090102","FL","Northern Okeechobee Inflow"
"2281","03090204","FL","Big Cypress Swamp"
"2282","03090205","FL","Caloosahatchee"
"2283","03090206","FL","Florida Southeast Coast"
"2284","03100103","FL","Charlotte Harbor"
"2285","02080208","VA","Hampton Roads"
"2286","02080101","MD,VA","Lower Chesapeake Bay"
"2287","04240002","CN,MI","Lake Huron"
"2288","19010210","AK","Kuiu-Kupreanof-Mitkof Islands"
"2289","19050102","AK","Unalakleet"
"2290","19060303","AK","Chandler-Anaktuvuk Rivers"
"2291","19050401","AK","Upper Noatak River"
"2292","19030405","AK","Stony River"
"2293","19080306","AK","Chena River"
"2294","19090108","AK","Koyukuk Flats-Koyukuk River"
"2295","19050302","AK","Upper Kobuk River"
"2296","19030301","AK","Upper Nushagak River"
"2297","19090204","AK","Klatsuta River-Yukon River"
"2298","19030401","AK","North Fork Kuskokwim River"
"2299","19060301","AK","Upper Colville River"
"2300","19010302","AK,CN","Glacier Bay"
"2301","19030406","AK","Middle Fork Kuskokwim River"
"2302","19020702","AK","Shelikof Strait"
"2303","19080201","AK","Middle Fork-North Fork Chandalar Rivers"
"2304","19010404","AK,CN","Alsek River"
"2305","19090109","AK","Kateel River-Koyukuk River"
"2306","19080204","AK","Lower Chandalar River"
"2307","19050404","AK","Wulik-Kivalina Rivers"
"2308","19010406","AK,CN","Palma Bay"
"2309","19030502","AK","Kuskokwim Delta"
"2310","19070101","AK,CN","Atlin Lake"
"2311","19010105","AK,CN","Burroughs Bay"
"2312","19010403","AK,CN","Tatshenshini River"
"2313","19030302","AK","Mulchatna River"
"2314","19080304","AK","Delta River"
"2315","19070104","AK,CN","Takhini River"
"2316","19090205","AK","Galena-Yukon River"
"2317","19030201","AK","Port Heiden"
"2318","19080401","AK","Birch Creek"
"2319","19010205","AK,CN","Lower Iskut"
"2320","19060302","AK","Killik River"
"2321","19090301","AK","Anvik River-Yukon River"
"2322","19050202","AK","Goodhope-Spafarief Bay"
"2323","19050103","AK","Norton Bay"
"2324","19030407","AK","South Fork Kuskokwim River"
"2325","19070103","AK,CN","Tagish Lake"
"2326","19080403","AK","Yukon Flats-Yukon River"
"2327","19090202","AK","Nowitna River"
"2328","19080307","AK","Tanana Flats-Tanana River"
"2329","19060304","AK","Lower Colville River"
"2330","19010204","AK","Admiralty Island"
"2331","19090303","AK","Lower Innoko River"
"2332","19080311","AK","Lower Tanana River"
"2333","19030501","AK","Aniak"
"2334","19090101","AK","Upper Koyukuk River"
"2335","19080105","AK","Sheenjek River"
"2336","19010104","AK","Bradfield Canal"
"2337","19050500","AK","Kotzebue Sound"
"2338","19060501","AK","Canning River"
"2339","19090103","AK","Alatna River"
"2340","19010303","AK,CN","Chilkat-Skagway Rivers"
"2341","19060401","AK","Kuparuk River"
"2342","19080107","AK","Grass River"
"2343","19080202","AK","East Fork Chandalar River"
"2344","04050001","IN,MI","St. Joseph"
"2345","04100003","IN,MI,OH","St. Joseph"
"2346","10150004","NE,SD","Middle Niobrara"
"2347","10150005","NE","Snake"
"2348","10170104","NE,SD","Ponca"
"2349","17040102","WY","Gros Ventre"
"2350","17040101","WY","Snake Headwaters"
"2351","19010106","AK,CN","Headwaters Portland Canal"
"2352","19010107","AK,CN","Outlet Portland Canal"
"2353","19070506","AK,CN","Charley River-Yukon River"
"2354","19070505","AK,CN","Tatonduk River-Yukon River"
"2355","19070503","AK,CN","Sixtymile River-Yukon River"
"2356","19070502","AK,CN","Fortymile River"
"2357","19070403","AK,CN","Ladue River-White River"
"2358","19080103","AK,CN","Old Crow River"
"2359","19060505","AK,CN","Firth River"
"2360","19080104","AK","Coleen River"
"2361","19060504","AK,CN","Kongakut River-Beaufort Lagoon"
"2362","19060506","CN","Babbage River"
"2363","19060102","AK","Kokolik River"
"2364","19060103","AK","Utukok River"
"2365","19050403","AK","Lower Noatak River"
"2366","19060101","AK","Kukpowruk River"
"2367","10080013","WY","South Fork Shoshone"
"2368","10080012","WY","North Fork Shoshone"
"2369","02020007","NJ,NY","Rondout"
"2370","02030103","NJ,NY","Hackensack-Passaic"
"2371","04140202","NY","Oneida"
"2372","02050102","NY","Chenango"
"2373","02020003","MA,NY,VT","Hudson-Hoosic"
"2374","02020004","NY","Mohawk"
"2375","02020001","NY","Upper Hudson"
"2376","02020008","NY","Hudson-Wappinger"
"2377","02030101","CT,NJ,NY","Lower Hudson"
"2378","02020006","MA,NY","Middle Hudson"
"2379","02020005","NY","Schoharie"
"2380","01100005","CT,MA,NY","Housatonic"
"2381","04290005","NY","Raquette"
"2382","04300108","CN,NY,VT","Lake Champlain"
"2383","03010205","NC,VA","Albemarle"
"2384","02080206","VA","Lower James"
"2385","02080108","VA","Lynnhaven-Poquoson"
"2386","03010202","NC,VA","Blackwater"
"2387","02050101","NY,PA","Upper Susquehanna"
"2388","02040203","PA","Schuylkill"
"2389","02040205","DE,MD,PA","Brandywine-Christina"
"2390","02060002","DE,MD,PA","Chester-Sassafras"
"2391","02050301","PA","Lower Susquehanna-Penns"
"2392","02050107","PA","Upper Susquehanna-Lackawanna"
"2393","02040106","PA","Lehigh"
"2394","02040103","PA","Lackawaxen"
"2395","02040101","NY,PA","Upper Delaware"
"2396","02030102","CT,NY","Bronx"
"2397","02040105","NJ,PA","Middle Delaware-Musconetcong"
"2398","02030105","NJ","Raritan"
"2399","01100006","CT,NY","Saugatuck"
"2400","01100007","CT,RI","Pawcatuck River"
